id,location,latitude,longitude,country,continent,c02_emissions,coastal_population2010_sum,total_population2010_sum,start_year,1985_x,1986_x,1987_x,1988_x,1989_x,1990_x,1991_x,1992_x,1993_x,1994_x,1995_x,1996_x,1997_x,1998_x,1999_x,2000_x,2001_x,2002_x,2003_x,2004_x,2005_x,2006_x,2007_x,2008_x,2009_x,2010_x,2011_x,2012_x,2013_x,2014_x,2015_x,trend,1807,1808,1809,1810,1811,1812,1813,1814,1815,1816,1817,1818,1819,1820,1821,1822,1823,1824,1825,1826,1827,1828,1829,1830,1831,1832,1833,1834,1835,1836,1837,1838,1839,1840,1841,1842,1843,1844,1845,1846,1847,1848,1849,1850,1851,1852,1853,1854,1855,1856,1857,1858,1859,1860,1861,1862,1863,1864,1865,1866,1867,1868,1869,1870,1871,1872,1873,1874,1875,1876,1877,1878,1879,1880,1881,1882,1883,1884,1885,1886,1887,1888,1889,1890,1891,1892,1893,1894,1895,1896,1897,1898,1899,1900,1901,1902,1903,1904,1905,1906,1907,1908,1909,1910,1911,1912,1913,1914,1915,1916,1917,1918,1919,1920,1921,1922,1923,1924,1925,1926,1927,1928,1929,1930,1931,1932,1933,1934,1935,1936,1937,1938,1939,1940,1941,1942,1943,1944,1945,1946,1947,1948,1949,1950,1951,1952,1953,1954,1955,1956,1957,1958,1959,1960,1961,1962,1963,1964,1965,1966,1967,1968,1969,1970,1971,1972,1973,1974,1975,1976,1977,1978,1979,1980,1981,1982,1983,1984,1985_y,1986_y,1987_y,1988_y,1989_y,1990_y,1991_y,1992_y,1993_y,1994_y,1995_y,1996_y,1997_y,1998_y,1999_y,2000_y,2001_y,2002_y,2003_y,2004_y,2005_y,2006_y,2007_y,2008_y,2009_y,2010_y,2011_y,2012_y,2013_y,2014_y,2015_y,2016,2017,2018
1421,Ny-Alesund,78.929,11.938,SJM,Europe,,316,2338,1977,0,-4,-24,-38,-53,-66,-88,-15,-16,-12,-18,-27,-33,-47,-60,-72,-81,-92,-86,-83,-79,-75,-76,-94,-112,-130,-134,-146,-156,-174,-170,-4.878,,,,,,,,,,,,,,,,,,,,,,,,,,,,,,,,,,,,,,,,,,,,,,,,,,,,,,,,,,,,,,,,,,,,,,,,,,,,,,,,,,,,,,,,,,,,,,,,,,,,,,,,,,,,,,,,,,,,,,,,,,,,,,,,,,,,,,,,,,,,,,,,,,,,,,,,,,,,,,,,,,,,,,,,,,,0,4,7,-8,-3,29,53,28,,,,,,,,4,-1,15,-19,-39,-31,-65,-49,-78,-90,-81,-40,-30,-60,-66,-87,-133,-119,-146,-89,-149,-182,-206,-127,-163,-190,-170
541,Barentsburg,78.067,14.25,SJM,Europe,,316,2338,1949,0,-9,-31,-47,-43,-27,-18,7,9,1,-24,-63,-105,-118,-145,-167,-130,-107,-96,-77,-51,-61,-63,-73,-75,-79,-75,-82,-81,-92,-88,-2.025,,,,,,,,,,,,,,,,,,,,,,,,,,,,,,,,,,,,,,,,,,,,,,,,,,,,,,,,,,,,,,,,,,,,,,,,,,,,,,,,,,,,,,,,,,,,,,,,,,,,,,,,,,,,,,,,,,,,,,,,,,,,,,,,,,,,,,,,,,,,,,,0,17,61,35,57,29,-6,-35,-9,-46,19,-39,38,-25,-38,25,-58,-76,40,5,-1,-45,-8,-4,-22,-15,11,2,-48,,-63,-48,-46,-22,-12,,-100,-92,,-90,-18,-18,-47,,,,-146,-242,-216,,,-253,,-104,-93,-93,,-107,-113,-142,-105,-140,-88,,-135,-160,-119,-156,-172,
641,Kotelnyi (Kotelnyi Ostrov),76,137.867,RUS,Europe,11.86,2907303,142835555,1951,0,-24,-21,-44,-33,-25,3,14,-5,39,14,9,9,18,-37,-16,-31,-29,-2,8,43,95,125,151,169,147,147,125,109,,,7.184,,,,,,,,,,,,,,,,,,,,,,,,,,,,,,,,,,,,,,,,,,,,,,,,,,,,,,,,,,,,,,,,,,,,,,,,,,,,,,,,,,,,,,,,,,,,,,,,,,,,,,,,,,,,,,,,,,,,,,,,,,,,,,,,,,,,,,,,,,,,,,,,,0,-91,57,166,-8,-30,9,-12,26,139,49,26,90,143,21,61,159,121,59,82,127,115,111,99,196,124,74,115,23,48,174,148,305,196,163,51,166,189,253,206,191,218,92,476,78,167,219,137,200,,,229,272,251,360,347,383,398,337,,346,272,316,,,,,
728,Izvestia Tsik (Izvestia Tsik Ostrova),75.95,82.95,RUS,Europe,11.86,2907303,142835555,1954,0,-10,-15,-9,30,52,59,73,67,29,12,-2,-15,-31,-25,-16,-7,-12,6,8,8,5,17,11,6,-3,-4,-21,-29,,,-1.967,,,,,,,,,,,,,,,,,,,,,,,,,,,,,,,,,,,,,,,,,,,,,,,,,,,,,,,,,,,,,,,,,,,,,,,,,,,,,,,,,,,,,,,,,,,,,,,,,,,,,,,,,,,,,,,,,,,,,,,,,,,,,,,,,,,,,,,,,,,,,,,,,,,,0,-154,-181,-123,-154,-17,-113,-103,-69,-21,-39,-106,-112,-31,-82,-109,-127,-52,-67,-65,-153,50,-66,-137,-96,-130,-81,-50,-59,-52,-163,-133,-97,-83,-24,34,-26,-59,-13,-57,-153,-109,-128,-80,-139,-120,-65,-87,-104,-47,-112,-66,-100,-45,-76,-140,,-106,-131,-114,,,,,
602,Sannikova (Sannikova Proliv),74.667,138.9,RUS,Europe,11.86,2907303,142835555,1950,0,-13,8,9,28,52,80,79,77,77,49,18,33,23,16,2,11,-30,-4,1,47,58,94,96,80,71,64,67,72,,,1.929,,,,,,,,,,,,,,,,,,,,,,,,,,,,,,,,,,,,,,,,,,,,,,,,,,,,,,,,,,,,,,,,,,,,,,,,,,,,,,,,,,,,,,,,,,,,,,,,,,,,,,,,,,,,,,,,,,,,,,,,,,,,,,,,,,,,,,,,,,,,,,,,0,-37,-113,1,103,-79,-86,-132,-143,-73,-82,-121,-105,-39,9,-106,-79,25,-45,-33,-74,-90,-61,-48,-89,47,-14,-108,-91,-192,-180,-9,-83,-29,-38,-77,-71,22,-22,54,47,65,19,-35,55,-92,-90,96,-87,19,-160,-48,,41,44,74,9,70,,,,-26,83,76,,,,,
640,Dunai (Dunai Ostrov),73.933,124.5,RUS,Europe,11.86,2907303,142835555,1951,0,14,-3,18,39,40,29,52,38,15,0,-34,-42,-26,3,8,59,55,47,32,74,70,91,111,124,84,69,,,,,2.782,,,,,,,,,,,,,,,,,,,,,,,,,,,,,,,,,,,,,,,,,,,,,,,,,,,,,,,,,,,,,,,,,,,,,,,,,,,,,,,,,,,,,,,,,,,,,,,,,,,,,,,,,,,,,,,,,,,,,,,,,,,,,,,,,,,,,,,,,,,,,,,,,0,-65,-32,-27,-62,-108,-26,-81,-45,-107,-121,-135,4,-40,-139,-76,90,18,-17,-34,-17,-53,-73,-105,-1,-20,-101,-131,-171,-90,48,17,-86,-58,45,117,-68,17,48,53,63,46,-53,-63,-24,,6,26,81,-2,147,-13,-13,6,210,131,89,87,,10,,,,,,,,
642,Kigiliah,73.333,139.867,RUS,Europe,11.86,2907303,142835555,1951,0,-12,-11,-9,12,40,58,75,74,68,42,39,28,19,-7,-13,-19,-33,-7,10,36,51,75,58,60,41,26,28,20,,,-0.046,,,,,,,,,,,,,,,,,,,,,,,,,,,,,,,,,,,,,,,,,,,,,,,,,,,,,,,,,,,,,,,,,,,,,,,,,,,,,,,,,,,,,,,,,,,,,,,,,,,,,,,,,,,,,,,,,,,,,,,,,,,,,,,,,,,,,,,,,,,,,,,,,0,-45,1,51,10,-65,-109,-97,-53,-133,-90,-154,-57,-63,-144,-97,67,-39,-62,-142,-115,-43,-84,-105,-4,-31,-134,-154,-174,-140,-40,-70,-53,-66,-113,-97,-64,-44,40,28,-8,23,-53,14,-101,-24,-35,-96,,-130,-54,-104,35,-36,3,21,17,-52,-32,-91,-54,27,-91,,,,,
758,Hammerfest,70.665,23.683,NOR,Europe,9.27,294257,4924848,1957,0,12,-4,-13,12,28,35,59,52,36,29,17,7,4,5,1,10,17,36,36,43,48,53,41,37,19,21,10,14,11,38,0.829,,,,,,,,,,,,,,,,,,,,,,,,,,,,,,,,,,,,,,,,,,,,,,,,,,,,,,,,,,,,,,,,,,,,,,,,,,,,,,,,,,,,,,,,,,,,,,,,,,,,,,,,,,,,,,,,,,,,,,,,,,,,,,,,,,,,,,,,,,,,,,,,,,,,,,,0,-37,15,-104,23,,-45,15,,,,,,,-20,0,62,-58,54,,-110,-104,-71,-92,-85,,61,-40,-32,-35,-96,15,84,,-4,24,-26,8,8,-63,-19,-45,12,-14,-16,22,54,12,22,11,42,-7,-12,-68,20,-10,12,-28,68,10,33,27
524,Vardo,70.375,31.104,NOR,Europe,9.27,294257,4924848,1984,0,0,4,24,40,71,81,94,81,75,58,51,46,37,37,34,39,40,66,70,75,75,82,73,67,51,48,33,27,26,49,-0.122,,,,,,,,,,,,,,,,,,,,,,,,,,,,,,,,,,,,,,,,,,,,,,,,,,,,,,,,,,,,,,,,,,,,,,,,,,,,,,,,,,,,,,,,,,,,,,,,,,,,,,,,,,,,,,,,,,,,,,,,,,,,,,,,,,,,,,,,,,,,,,0,12,4,,,,,,-50,0,-49,0,-91,-10,-19,,38,,,,,,,,,,,,,,,,,,,,-88,-89,-86,-69,14,-5,,-34,2,-49,-30,-13,-71,-24,-94,-34,-32,,-21,9,-18,-13,-10,16,-33,-49,-91,-22,-50,-29,-69,23,-25,-9,24
599,Amderma,69.75,61.7,RUS,Europe,11.86,2907303,142835555,1950,0,4,5,-1,27,56,82,89,102,105,106,93,106,99,97,98,115,126,157,168,196,212,229,232,235,200,188,162,162,,,6.531,,,,,,,,,,,,,,,,,,,,,,,,,,,,,,,,,,,,,,,,,,,,,,,,,,,,,,,,,,,,,,,,,,,,,,,,,,,,,,,,,,,,,,,,,,,,,,,,,,,,,,,,,,,,,,,,,,,,,,,,,,,,,,,,,,,,,,,,,,,,,,,,0,3,-82,-10,-62,-24,-122,-90,-108,-5,-73,7,-37,-35,-16,-34,25,40,4,-69,-71,-23,-6,3,-96,32,-36,-104,-73,-100,-19,-50,-4,43,-54,-72,-27,4,11,86,76,100,,72,,,36,105,43,,83,121,157,200,144,226,198,244,213,160,55,138,111,215,,,,,
680,Tromso,69.647,18.961,NOR,Europe,9.27,294257,4924848,1953,0,0,-10,-4,32,73,74,85,62,32,19,8,2,5,11,7,15,17,22,19,24,28,36,31,27,15,18,4,6,-1,18,-0.489,,,,,,,,,,,,,,,,,,,,,,,,,,,,,,,,,,,,,,,,,,,,,,,,,,,,,,,,,,,,,,,,,,,,,,,,,,,,,,,,,,,,,,,,,,,,,,,,,,,,,,,,,,,,,,,,,,,,,,,,,,,,,,,,,,,,,,,,,,,,,,,,,,,0,15,-12,-82,-17,-42,-14,-112,16,-55,-67,9,-71,-73,20,-69,-57,-92,-37,-44,-24,-76,-17,-64,-100,-152,-126,-111,-73,-41,-8,-105,-188,,-91,,75,17,-64,-30,-93,-69,-45,-120,-73,-82,-35,-70,-82,-63,-52,-56,-44,-61,-26,-76,-73,-104,-48,-92,-68,-107,-9,-82,-50,-66
425,Andenes,69.326,16.135,NOR,Europe,9.27,294257,4924848,1982,0,-22,-33,-75,-100,-110,33,-40,-83,-96,-102,-149,-154,-148,-141,-143,-132,-128,-124,-126,-119,-113,-106,-107,-113,-132,-127,-137,-135,-137,-106,-0.356,,,,,,,,,,,,,,,,,,,,,,,,,,,,,,,,,,,,,,,,,,,,,,,,,,,,,,,,,,,,,,,,,,,,,,,,,,,,,,,,,,,,,,,,,,,,,,,,,,,,,,,,,,,,,,,,,,,,,,,,,,,,,,,,,,,,0,-69,-106,-105,-12,-139,-65,-77,,-60,-52,-13,55,5,-133,-70,-121,,,,,,,,,,,,,,,,,,,,-165,-100,-96,-22,,,,,28,,,,,,,,,,-106,-159,-127,-121,-193,-131,-136,-90,-133,-134,-113,-112,-102,-96,-105,-78,-113,-130,-192,-82,-128,-104,-139,-39,-113,-77,-101
684,Murmansk,68.967,33.05,RUS,Europe,11.86,2907303,142835555,1952,0,14,-5,-28,0,23,37,75,100,82,100,100,105,107,141,148,161,167,188,188,193,203,203,173,144,103,72,38,38,35,55,1.754,,,,,,,,,,,,,,,,,,,,,,,,,,,,,,,,,,,,,,,,,,,,,,,,,,,,,,,,,,,,,,,,,,,,,,,,,,,,,,,,,,,,,,,,,,,,,,,,,,,,,,,,,,,,,,,,,,,,,,,,,,,,,,,,,,,,,,,,,,,,,,,,,,0,38,25,12,-38,7,-49,9,-111,5,-10,-25,-18,-28,-86,-2,-45,-94,-74,-14,-12,-39,-144,-44,-66,-83,-100,-68,-88,-58,26,65,-51,-66,12,-68,-49,85,47,86,120,75,,,88,142,,164,174,154,172,189,165,197,205,174,40,21,-7,49,,44,6,92,58,71,
681,Harstad,68.801,16.548,NOR,Europe,9.27,294257,4924848,1953,0,-1,-20,-19,15,65,69,88,68,42,2,-9,-16,-12,-6,-10,0,3,6,4,10,14,21,19,14,-6,-3,-15,-16,-20,8,-0.339,,,,,,,,,,,,,,,,,,,,,,,,,,,,,,,,,,,,,,,,,,,,,,,,,,,,,,,,,,,,,,,,,,,,,,,,,,,,,,,,,,,,,,,,,,,,,,,,,,,,,,,,,,,,,,,,,,,,,,,,,,,,,,,,,,,,,,,,,,,,,,,,,,,0,-12,-33,-105,-44,-55,-38,-99,-2,-82,-94,-24,-99,,4,-97,-81,-110,-55,-55,-53,-98,,,-131,-183,-147,,-117,-63,-23,-147,-138,-123,-164,,27,,-102,-70,-123,-103,-90,-162,-105,-96,-76,-107,-112,-92,-87,-86,-76,-87,-58,-94,-112,-177,-71,-121,-99,-132,-35,-112,-76,-104
312,Narvik,68.428,17.426,NOR,Europe,9.27,294257,4924848,1932,0,2,-26,-47,8,37,40,65,59,11,-3,-18,-28,-26,-22,-31,-25,-26,-24,-30,-22,-18,-11,-15,-22,-48,-47,-66,-70,-79,-51,-2.073,,,,,,,,,,,,,,,,,,,,,,,,,,,,,,,,,,,,,,,,,,,,,,,,,,,,,,,,,,,,,,,,,,,,,,,,,,,,,,,,,,,,,,,,,,,,,,,,,,,,,,,,,,,,,,,,,,,,,,,,,,,,,,,,,,,,,,,,,,,,,,,,,,,,,,,,,,,,,,,,,,,,,,,,,,,,,,,,,,,,,,,,,,,,,,,,,,,,,,,,,,,,,,,,,,,,
45,Kabelvag,68.213,14.482,NOR,Europe,9.27,294257,4924848,1948,0,6,-13,1,31,45,35,42,-1,-34,-47,-61,-69,-63,-56,-62,-52,-49,-49,-51,-43,-37,-30,-29,-34,-58,-52,-64,-67,-70,-38,-1.157,,,,,,,,,,,,,,,,,,,,,,,,,,,,,,,,,,,,,,,,,,,,,,,,,,,,,,,,,,,,,,,,,,,,,,,,,,,,,,,,,,,,,,,,,,,,,,,,,,,,,,,,,,,,,,,,,,,,,,,,,,,,,,,,,,,,,,,,,,,,,,0,53,36,46,-18,20,-20,-35,-111,-47,-76,-144,-244,-86,-142,-100,25,-87,-107,48,-90,-59,-50,-21,-76,-34,,10,-65,-82,-110,-58,-116,-82,0,22,-90,-82,-53,-99,,,-12,-97,-61,-115,-105,-78,-168,-104,-90,-70,-107,-118,-90,-87,-81,-64,-87,-54,-81,-110,-182,-57,-116,-96,-125,-19,-109,-61,-100
562,Bodo,67.288,14.391,NOR,Europe,9.27,294257,4924848,1950,0,6,-30,-61,-19,22,24,60,45,25,6,-10,-18,-14,-9,-15,-4,-5,-8,-13,-8,-5,-1,-1,-8,-32,-26,-38,-40,-45,-10,-0.793,,,,,,,,,,,,,,,,,,,,,,,,,,,,,,,,,,,,,,,,,,,,,,,,,,,,,,,,,,,,,,,,,,,,,,,,,,,,,,,,,,,,,,,,,,,,,,,,,,,,,,,,,,,,,,,,,,,,,,,,,,,,,,,,,,,,,,,,,,,,,,,,0,,,,,,,-106,-101,-155,-221,-80,-165,-164,-91,,,,-220,,,,,,-217,-142,-217,-228,-267,-197,-250,-206,-101,-77,-241,-232,,-277,,-72,,-169,-134,-186,-180,-159,-256,-181,-166,-151,-190,-195,-177,-182,-174,-163,-184,-155,-184,-208,-281,-154,-218,-194,-230,-106,-216,-174,-212
2101,Kalix,65.697,23.096,SWE,Europe,4.48,678429,9440747,1975,0,-17,-48,-73,-39,-11,-17,3,-12,-51,-69,-115,-139,-137,-141,-141,-111,-121,-145,-143,-151,-152,-120,-105,-132,-175,-165,-187,-216,-225,-178,-6.28,,,,,,,,,,,,,,,,,,,,,,,,,,,,,,,,,,,,,,,,,,,,,,,,,,,,,,,,,,,,,,,,,,,,,,,,,,,,,,,,,,,,,,,,,,,,,,,,,,,,,,,,,,,,,,,,,,,,,,,,,,,,,,,,,,,,,,,,,,,,,,,,,,,,,,,,,,,,,,,,,,,,,,,,,0,-139,-120,-151,-112,-200,-61,-62,9,-158,-205,-144,-215,-113,8,-70,-173,-117,-188,-184,-155,,-235,-175,-205,-160,-258,-288,-291,-197,-197,-265,-124,-218,-329,-410,-215,-234,-365,-373,-174,-353,-237,
229,Kemi,65.673,24.515,FIN,Europe,8.66,260454,5384770,1920,0,-13,-40,-66,-40,-9,-16,-1,-14,-44,-64,-100,-121,-118,-120,-124,-102,-112,-132,-131,-137,-140,-108,-95,-122,-166,-154,-176,-205,-215,-167,-5.714,,,,,,,,,,,,,,,,,,,,,,,,,,,,,,,,,,,,,,,,,,,,,,,,,,,,,,,,,,,,,,,,,,,,,,,,,,,,,,,,,,,,,,,,,,,,,,,,,,,,,,,,,,,,,,,,,,0,47,,12,-61,-41,-109,-80,,-75,-140,-141,-64,-218,-109,-116,-162,-273,-39,-287,,-341,,-65,-138,-223,-204,-351,-145,-105,-209,-300,-228,-211,-278,-284,-315,-266,-351,-367,-446,-221,-278,-397,-270,-392,,-235,-415,-420,-423,-376,-413,-339,-375,-348,-481,-493,,,-582,-447,-440,-364,-530,-561,-510,-573,,,-407,-548,-494,-564,-551,-507,-730,-603,-544,-565,-523,-623,-654,-643,-558,-554,-640,-488,-580,-689,-774,-578,-599,-728,-737,-534,-718,-602,
79,Oulu / Uleaborg,65.04,25.418,FIN,Europe,8.66,260454,5384770,1889,0,-14,-42,-69,-33,-2,-1,19,5,-34,-52,-98,-123,-120,-122,-128,-106,-116,-134,-131,-136,-138,-107,-93,-119,-161,-150,-173,-204,-214,-167,-6.171,,,,,,,,,,,,,,,,,,,,,,,,,,,,,,,,,,,,,,,,,,,,,,,,,,,,,,,,,,,,,,,,,,,,,,,,,,,,,,,,,,,0,24,-19,-15,151,22,-9,98,66,168,232,50,-22,25,203,33,58,51,33,-57,13,-18,18,8,44,18,-146,-113,-69,-67,-102,-26,33,,-15,,-63,-136,-103,-120,-115,-163,-170,,-228,-116,,,-291,,,-247,-358,-250,-98,-187,-254,,,-187,-152,-231,,,-238,-296,-280,-330,-282,-352,-403,-487,-244,,,-269,,-366,,-427,-455,-448,,,-346,-440,-370,-529,-498,-523,-492,-580,-447,-442,-358,-539,-562,-515,-576,-491,-364,-398,,-468,-566,-556,-504,-736,-603,-549,-569,-534,-626,-651,-640,-555,-557,-638,-488,-572,-684,-766,-583,-602,-724,-737,-530,-714,-599,
203,Furuogrund,64.916,21.231,SWE,Europe,4.48,678429,9440747,1916,0,-17,-42,-70,-40,-8,-19,-11,-24,-67,-88,-126,-145,-141,-142,-150,-126,-132,-154,-150,-159,-162,-135,-121,-150,-189,-178,-197,-226,-235,-192,-6.671,,,,,,,,,,,,,,,,,,,,,,,,,,,,,,,,,,,,,,,,,,,,,,,,,,,,,,,,,,,,,,,,,,,,,,,,,,,,,,,,,,,,,,,,,,,,,,,,,,,,,,,,,,,,,,0,18,-11,-43,6,65,-31,58,-62,-20,-79,-43,-73,-76,-120,-118,-60,-198,-78,-72,-168,-270,-71,-304,-252,-361,-259,-107,-181,-241,-251,-392,-197,-163,-235,-352,-268,-260,-314,-321,-346,-306,-408,-445,-512,-289,-352,-495,-390,-465,-454,-304,-480,-511,-496,-460,-521,-407,-478,-442,-574,-546,-569,-542,-625,-492,-509,-433,-587,-621,-583,-632,-573,-441,-464,-631,-590,-637,-647,,-823,-688,-624,-656,,-701,-706,-737,-635,-652,-718,-582,-662,-778,-846,-664,-674,-810,-824,-631,-801,-684,
1241,Rorvik,64.859,11.23,NOR,Europe,9.27,294257,4924848,1970,0,0,-16,-16,11,31,28,36,15,-8,-23,-38,-44,-37,-31,-35,-20,-20,-25,-28,-24,-23,-20,-18,-24,-44,-37,-45,-50,-54,-25,-1.47,,,,,,,,,,,,,,,,,,,,,,,,,,,,,,,,,,,,,,,,,,,,,,,,,,,,,,,,,,,,,,,,,,,,,,,,,,,,,,,,,,,,,,,,,,,,,,,,,,,,,,,,,,,,,,,,,,,,,,,,,,,,,,,,,,,,,,,,,,,,,,,,,,,,,,,,,,,,,,,,,,,,0,46,17,29,8,26,-56,-53,-45,-7,-44,-15,47,71,-43,-35,-21,-26,,92,61,-26,8,-38,-19,-11,-105,-21,-3,5,-28,-35,-22,-23,-9,-9,-28,-8,-13,-38,-109,12,-52,-34,-60,34,-53,-1,-51
240,Raahe / Brahestad,64.666,24.407,FIN,Europe,8.66,260454,5384770,1923,0,-13,-44,-67,-37,-10,-15,1,-15,-53,-74,-110,-134,-132,-137,-143,-123,-132,-152,-151,-161,-165,-138,-126,-152,-193,-183,-203,-232,-241,-194,-7.128,,,,,,,,,,,,,,,,,,,,,,,,,,,,,,,,,,,,,,,,,,,,,,,,,,,,,,,,,,,,,,,,,,,,,,,,,,,,,,,,,,,,,,,,,,,,,,,,,,,,,,,,,,,,,,,,,,,,,0,-78,-43,-127,-84,-108,-92,-152,-153,-74,-222,-117,-128,-208,-292,-63,-299,-241,-354,-242,-99,-191,-238,-235,-377,-178,-141,-237,-333,-257,-240,-303,-302,-326,-298,-379,-410,-493,-247,-317,-464,-357,-443,-403,-270,,,-460,-418,-524,,,,,,-533,,,,-435,-373,-530,-544,,-586,-503,-379,-417,-564,-505,-577,-567,-521,-748,-626,-568,-591,-545,-648,-672,-667,-587,-597,-671,-530,-608,-718,-801,-621,-628,-752,-766,-565,-743,-625,
638,Reykjavik,64.151,-21.94,ISL,Europe,6.06,36207,324366,1957,0,22,21,16,18,39,35,16,2,-13,-46,-56,-45,-36,-34,-21,-18,-13,-1,9,7,18,21,15,13,15,21,11,11,21,33,0.892,,,,,,,,,,,,,,,,,,,,,,,,,,,,,,,,,,,,,,,,,,,,,,,,,,,,,,,,,,,,,,,,,,,,,,,,,,,,,,,,,,,,,,,,,,,,,,,,,,,,,,,,,,,,,,,,,,,,,,,,,,,,,,,,,,,,,,,,,,,,,,,,,,,,,,,0,-48,24,-6,16,-28,-33,90,56,-11,28,-16,-12,-14,11,87,20,58,1,78,34,,78,17,18,133,128,,62,121,130,104,139,169,104,36,34,62,4,51,89,79,73,66,67,112,144,130,58,120,128,115,111,69,147,79,117,157,131,115,155,179
88,Ratan,63.986,20.895,SWE,Europe,4.48,678429,9440747,1892,0,-18,-42,-68,-35,-3,-14,-1,-17,-61,-92,-133,-156,-152,-154,-154,-129,-140,-167,-168,-182,-187,-160,-146,-172,-209,-200,-219,-251,-263,-223,-8.097,,,,,,,,,,,,,,,,,,,,,,,,,,,,,,,,,,,,,,,,,,,,,,,,,,,,,,,,,,,,,,,,,,,,,,,,,,,,,,,,,,,,,,0,81,56,4,16,-28,53,89,-51,-108,-56,96,-57,-21,-26,-36,-141,-78,-97,-74,-93,-41,-76,-201,-167,-129,-157,-193,-139,-70,-170,-131,-230,-170,-222,-177,-207,-210,-239,-234,-185,-337,-221,-228,-319,-387,-174,-403,-366,-471,-382,-226,-293,-342,-363,-506,-323,-280,-361,-482,-376,-382,-453,-433,-454,-421,-460,-541,-610,-379,-412,,-487,-543,-558,-403,-579,-610,-597,-565,-640,-515,-586,-559,-692,-653,-672,-652,-722,-592,-616,-535,-693,-720,-678,-736,-661,-531,-562,-735,-671,-739,-749,-720,-940,-789,-720,-759,-719,-818,-846,-852,-766,-787,-844,-706,-778,-897,-969,-800,-803,-940,-957,-768,-929,-812,
194,Pietarsaari / Jakobstad,63.709,22.69,FIN,Europe,8.66,260454,5384770,1915,0,-16,-39,-65,-38,-9,-21,-9,-23,-59,-80,-114,-134,-131,-134,-139,-117,-126,-148,-147,-156,-160,-132,-118,-145,-184,-175,-195,-225,-236,-192,-6.808,,,,,,,,,,,,,,,,,,,,,,,,,,,,,,,,,,,,,,,,,,,,,,,,,,,,,,,,,,,,,,,,,,,,,,,,,,,,,,,,,,,,,,,,,,,,,,,,,,,,,,,,,,,,,0,42,68,40,10,51,132,,85,-5,37,-43,-1,-26,-23,-72,-76,-9,-154,-48,-53,-134,-220,1,-221,,-285,-181,-27,-110,-154,-144,-306,-115,-86,-153,-262,-184,-169,-250,-237,-262,-240,-314,,-434,-201,-256,-393,-289,-356,-365,-214,-386,-419,-404,-366,-441,-316,-391,-348,-485,-456,-479,-446,-519,-391,-408,-319,-469,-510,-466,-524,-447,-335,-368,,-460,,-516,-474,-697,-563,-504,-532,-498,-585,-606,-610,-528,-542,-606,-466,-542,-663,-737,-559,-565,-694,-716,-520,-686,-570,
313,Heimsjo,63.425,9.102,NOR,Europe,9.27,294257,4924848,1928,0,1,-13,-19,8,24,20,29,15,-3,-17,-31,-35,-26,-23,-24,-11,-7,-12,-12,-8,-5,-4,2,-1,-17,-10,-19,-27,-29,-4,-0.402,,,,,,,,,,,,,,,,,,,,,,,,,,,,,,,,,,,,,,,,,,,,,,,,,,,,,,,,,,,,,,,,,,,,,,,,,,,,,,,,,,,,,,,,,,,,,,,,,,,,,,,,,,,,,,,,,,,,,,,,,,0,-28,-11,,,,,-34,-42,-46,,-57,-89,-107,,,-27,-30,13,-44,-9,47,59,-14,-46,3,-45,-49,-82,-36,-52,,-106,-3,-52,-89,-45,,-61,-14,-111,-117,-137,-57,-87,,-119,-85,-145,-140,-145,-105,-168,-116,-67,-43,-159,-128,-108,-138,-75,-24,,-130,-93,-142,-112,-116,-199,-119,-97,-106,-127,-132,-99,-121,-104,-111,-116,-92,-88,-119,-183,-83,-136,-130,-122,-60,-129,-83,-137
682,Kristiansund,63.114,7.734,NOR,Europe,9.27,294257,4924848,1953,0,-16,-28,-30,3,23,29,34,15,-11,-31,-45,-49,-38,-31,-28,-15,-9,-12,-13,-12,-6,-6,0,-3,-15,-8,-14,-22,-22,2,0.133,,,,,,,,,,,,,,,,,,,,,,,,,,,,,,,,,,,,,,,,,,,,,,,,,,,,,,,,,,,,,,,,,,,,,,,,,,,,,,,,,,,,,,,,,,,,,,,,,,,,,,,,,,,,,,,,,,,,,,,,,,,,,,,,,,,,,,,,,,,,,,,,,,,0,,-58,-83,-41,-71,-85,-114,0,-72,-97,-39,-62,-60,-1,-119,-123,-121,-43,-113,-101,-116,-109,-154,-184,-154,-116,-172,-78,-68,-43,-153,-124,,,-51,10,-24,-133,-100,-144,-119,-127,-197,-123,-92,-86,-104,-133,-93,-105,-92,-103,-103,-88,-75,-106,-165,-69,-121,-112,-106,-47,-111,-65,-111
57,Vaasa / Vasa,63.082,21.571,FIN,Europe,8.66,260454,5384770,1884,0,-18,-37,-62,-31,-3,-13,1,-15,-51,-73,-101,-121,-117,-123,-155,-137,-147,-174,-161,-149,-154,-128,-113,-138,-173,-164,-184,-216,-228,-188,-6.868,,,,,,,,,,,,,,,,,,,,,,,,,,,,,,,,,,,,,,,,,,,,,,,,,,,,,,,,,,,,,,,,,,,,,,,,,,,,,,0,-44,-56,13,-71,-74,-11,-85,-64,-3,-32,-79,-74,-111,-44,-15,-171,-222,-180,-40,-188,-149,-158,-171,-261,-197,-224,-181,-202,-152,-187,-300,-266,-246,-268,-297,-265,-178,-267,-210,-296,-249,-334,-287,-323,-328,-375,-373,-307,-448,-348,-349,-430,-503,-298,-515,-448,-563,-464,-320,-398,-432,-464,-579,-408,-382,-462,-566,,-483,,-503,-535,-522,,,,,-540,-675,-589,-644,-628,-515,,-668,-676,-642,-728,-594,-669,-639,-764,-728,,-741,-803,-668,-727,-611,-786,-787,-754,-815,-736,-633,-657,-803,-746,-817,-810,-770,,-849,-795,,,-873,-893,-902,-821,-839,-898,-757,-828,-947,-1013,-852,-856,-986,-1009,-814,-972,-858,
509,Alesund,62.469,6.152,NOR,Europe,9.27,294257,4924848,1945,0,13,-5,-11,15,36,27,38,25,10,-8,-20,-25,-14,-8,-1,14,22,19,17,14,20,21,28,27,15,18,8,-5,-8,11,0.025,,,,,,,,,,,,,,,,,,,,,,,,,,,,,,,,,,,,,,,,,,,,,,,,,,,,,,,,,,,,,,,,,,,,,,,,,,,,,,,,,,,,,,,,,,,,,,,,,,,,,,,,,,,,,,,,,,,,,,,,,,,,,,,,,,,,,,,,,,,0,,,,,,16,39,50,3,-26,-78,-33,-75,-58,-148,21,-44,-53,5,-38,6,109,-18,-24,-28,-6,1,32,39,-15,-116,-28,-26,-6,-44,,,,-41,-14,31,-34,45,88,90,-15,25,-21,19,1,-75,-3,32,42,40,-2,37,20,33,23,29,41,57,27,-37,43,-9,-6,8,62,3,46,4
1211,Spikarna,62.363,17.531,SWE,Europe,4.48,678429,9440747,1969,0,-21,-40,-63,-41,-18,-31,-24,-47,-79,-99,-134,-153,-141,-145,-152,-127,-130,-151,-150,-158,-162,-136,-123,-146,-177,-172,-194,-227,-240,-207,-6.637,,,,,,,,,,,,,,,,,,,,,,,,,,,,,,,,,,,,,,,,,,,,,,,,,,,,,,,,,,,,,,,,,,,,,,,,,,,,,,,,,,,,,,,,,,,,,,,,,,,,,,,,,,,,,,,,,,,,,,,,,,,,,,,,,,,,,,,,,,,,,,,,,,,,,,,,,,,,,,,,,,,0,31,56,-23,105,41,42,-49,-10,-44,-42,-88,40,-16,65,-76,-91,-58,-112,-47,31,22,-125,-78,-160,-125,-83,-299,-173,-103,-144,-120,-176,-190,-206,-139,-158,-198,-55,-137,-255,-310,-175,-163,-304,-319,-148,-288,-171,
285,Kaskinen / Kasko,62.344,21.215,FIN,Europe,8.66,260454,5384770,1927,0,-21,-45,-61,-32,-2,-9,7,-17,-52,-74,-110,-129,-120,-121,-126,-102,-110,-135,-136,-146,-152,-125,-107,-132,-165,-155,-173,-205,-216,-177,-6.356,,,,,,,,,,,,,,,,,,,,,,,,,,,,,,,,,,,,,,,,,,,,,,,,,,,,,,,,,,,,,,,,,,,,,,,,,,,,,,,,,,,,,,,,,,,,,,,,,,,,,,,,,,,,,,,,,,,,,,,,,0,-49,-54,-98,-108,-46,-189,-89,-90,-168,-232,-31,-246,,,,-61,-143,-174,-193,-332,-129,-116,-177,-323,,,-250,-250,-267,-230,-314,-367,-421,-204,-258,-400,-308,-359,-372,-220,-388,-419,-391,-358,-441,-318,-380,-364,-490,-439,-449,-452,-519,-373,-405,-323,-478,-510,-458,-546,,-341,-356,-507,-453,-528,-514,-465,-685,-550,-484,-520,-492,-568,-592,-607,-523,-543,-597,-454,-520,-645,-704,-549,-545,-677,-699,-513,-662,-547,
486,Maloy,61.934,5.113,NOR,Europe,9.27,294257,4924848,1944,0,4,-10,-9,17,36,26,34,24,11,-7,-14,-17,-7,1,8,22,31,28,26,25,32,32,42,43,34,41,36,26,27,48,1.277,,,,,,,,,,,,,,,,,,,,,,,,,,,,,,,,,,,,,,,,,,,,,,,,,,,,,,,,,,,,,,,,,,,,,,,,,,,,,,,,,,,,,,,,,,,,,,,,,,,,,,,,,,,,,,,,,,,,,,,,,,,,,,,,,,,,,,,,,,0,,34,-86,-28,-40,-11,-28,,7,-4,-38,-56,-7,-26,,,22,-64,-59,-32,-55,-22,46,-56,-26,-9,10,-20,-16,12,-70,-97,-71,,,,-20,26,10,-77,-32,-19,-44,13,51,71,-52,-7,-32,-8,-24,-89,-22,15,27,12,-20,23,2,18,5,18,27,49,23,-38,50,2,0,26,69,16,55,15
172,Mantyluoto,61.594,21.463,FIN,Europe,8.66,260454,5384770,1911,0,-20,-38,-59,-39,-11,-16,-1,-20,-44,-65,-101,-119,-110,-111,-116,-91,-98,-122,-122,-132,-137,-111,-91,-114,-144,-134,-152,-183,-195,-157,-5.016,,,,,,,,,,,,,,,,,,,,,,,,,,,,,,,,,,,,,,,,,,,,,,,,,,,,,,,,,,,,,,,,,,,,,,,,,,,,,,,,,,,,,,,,,,,,,,,,,,,,,,,,,0,-12,37,-9,-107,-73,-68,-82,-111,-88,9,-66,-31,-111,-63,-137,-85,-120,-128,-167,-168,-104,-238,-148,-140,-219,-285,-94,-303,-253,-351,-258,-116,-189,-209,-241,-368,-186,-159,-221,-348,-238,-255,-301,-273,-293,-266,-342,-401,-452,-237,-288,-425,-341,,-405,-232,,-449,-423,-393,-484,-350,-415,-396,-509,-467,-483,-474,-521,-383,-440,-341,-500,-505,-482,-531,,,-369,-510,-455,-540,-523,-476,-693,-549,-491,-528,-500,-569,-588,-608,-531,-547,-596,-451,-512,-642,-695,-547,-538,-670,-698,-509,-650,-545,
376,Rauma / Raumo,61.134,21.426,FIN,Europe,8.66,260454,5384770,1933,0,-20,-37,-56,-26,3,-4,10,-7,-39,-61,-95,-110,-100,-101,-105,-80,-87,-109,-108,-117,-122,-94,-76,-98,-127,-117,-134,-164,-175,-138,-4.924,,,,,,,,,,,,,,,,,,,,,,,,,,,,,,,,,,,,,,,,,,,,,,,,,,,,,,,,,,,,,,,,,,,,,,,,,,,,,,,,,,,,,,,,,,,,,,,,,,,,,,,,,,,,,,,,,,,,,,,,,,,,,,,0,88,99,17,-44,145,-65,-10,-111,-17,122,43,34,0,-121,61,85,25,-103,22,-4,-50,-18,-34,-8,-79,-132,-187,25,-23,,-86,-129,-137,13,-147,-179,-148,-116,-204,-71,-138,-110,-225,-191,-205,-199,-239,-105,-167,,-223,-229,-198,-252,-173,-77,-86,-233,-182,-256,-239,-194,-405,-261,-206,-241,-216,-279,-301,-312,-236,-257,-304,-159,-222,-348,-397,-253,-246,-372,-400,-213,-353,-238,
1353,Valdez,61.125,-146.362,USA,North-America,16.49,24431214,313085381,1975,0,-8,13,14,-4,0,-4,-12,-28,-21,-19,-37,-45,-49,-58,-68,-59,-79,-87,-98,-99,-110,-121,-139,-156,-166,-185,-190,-210,-205,-210,-8.299,,,,,,,,,,,,,,,,,,,,,,,,,,,,,,,,,,,,,,,,,,,,,,,,,,,,,,,,,,,,,,,,,,,,,,,,,,,,,,,,,,,,,,,,,,,,,,,,,,,,,,,,,,,,,,,,,,,,,,,,,,,,,,,,,,,,,,,,,,,,,,,,,,,,,,,,,,,,,,,,,,,,,,,,,0,,84,35,52,83,133,53,142,120,27,92,159,148,33,46,70,119,69,69,52,-16,77,47,23,-1,31,-21,12,-36,-4,-27,-73,-76,-122,-56,-122,-96,-181,-93,-83,-77,-179,-185
315,Hamina,60.563,27.179,FIN,Europe,8.66,260454,5384770,1929,0,-19,-34,-58,-20,15,14,37,21,-12,-32,-70,-84,-68,-65,-60,-27,-35,-54,-47,-54,-56,-21,5,-16,-48,-32,-48,-77,-87,-39,-1.416,,,,,,,,,,,,,,,,,,,,,,,,,,,,,,,,,,,,,,,,,,,,,,,,,,,,,,,,,,,,,,,,,,,,,,,,,,,,,,,,,,,,,,,,,,,,,,,,,,,,,,,,,,,,,,,,,,,,,,,,,,,0,-44,-35,50,-105,-22,-2,-82,-166,50,-160,-102,-191,-80,73,-10,-21,-57,-175,35,49,-14,-159,-10,9,-71,-1,-34,2,-93,,-219,29,-4,-146,,-89,,15,-120,,-121,-63,-186,-27,-84,-48,-190,-146,-143,-133,-165,-14,-82,57,-139,-141,-105,-152,-61,46,27,-107,-38,-142,-118,-69,-297,-110,-65,-101,-38,-128,-154,-159,-68,-78,-139,27,-29,-173,-237,-57,-56,-171,-224,1,-146,-22,
566,Cordova,60.558,-145.752,USA,North-America,16.49,24431214,313085381,1965,0,-3,22,28,13,24,26,27,16,37,44,35,33,39,33,33,52,41,44,42,52,52,52,46,36,33,19,22,6,18,18,0.016,,,,,,,,,,,,,,,,,,,,,,,,,,,,,,,,,,,,,,,,,,,,,,,,,,,,,,,,,,,,,,,,,,,,,,,,,,,,,,,,,,,,,,,,,,,,,,,,,,,,,,,,,,,,,,,,,,,,,,,,,,,,,,,,,,,,,,,,,,,,,,,,,,,,,,,,,,,,,,,0,,39,,,89,84,69,109,132,112,195,182,152,157,191,235,165,258,248,154,220,290,286,178,207,227,297,234,,239,186,286,261,249,239,281,234,276,243,287,282,233,245,197,269,209,249,164,258,269,283,198,196
239,Turku / Abo,60.428,22.101,FIN,Europe,8.66,260454,5384770,1922,0,-19,-39,-61,-13,12,7,22,6,-26,-47,-81,-93,-81,-80,-83,-55,-63,-85,-82,-89,-95,-65,-45,-66,-92,-82,-98,-127,-137,-100,-3.74,,,,,,,,,,,,,,,,,,,,,,,,,,,,,,,,,,,,,,,,,,,,,,,,,,,,,,,,,,,,,,,,,,,,,,,,,,,,,,,,,,,,,,,,,,,,,,,,,,,,,,,,,,,,,,,,,,,,0,35,-51,19,-92,-29,-45,-69,-82,-84,-23,-149,-69,-57,-127,-192,-10,-203,,-223,-169,-7,-69,-105,-142,-266,-79,-56,-115,-242,-114,-129,-197,-137,-171,-132,-200,-266,-313,-93,-142,-290,-195,-232,-248,-109,-262,-301,-250,,-328,-176,-249,-224,-332,-293,-295,-300,-312,-193,-240,-140,,-270,-285,-334,-255,-158,-162,-310,-253,-336,-315,-269,-480,-324,-274,-311,-286,-340,-366,-379,-300,-320,-365,-217,-275,-406,-449,-312,-300,-420,-455,-266,-400,-285,
2103,Forsmark,60.409,18.211,SWE,Europe,4.48,678429,9440747,1976,0,-20,-33,-54,-29,-2,-11,1,-18,-52,-76,-111,-133,-121,-119,-122,-93,-93,-114,-113,-122,-129,-105,-89,-110,-132,-124,-141,-172,-185,-158,-5.167,,,,,,,,,,,,,,,,,,,,,,,,,,,,,,,,,,,,,,,,,,,,,,,,,,,,,,,,,,,,,,,,,,,,,,,,,,,,,,,,,,,,,,,,,,,,,,,,,,,,,,,,,,,,,,,,,,,,,,,,,,,,,,,,,,,,,,,,,,,,,,,,,,,,,,,,,,,,,,,,,,,,,,,,,,0,42,28,23,-7,126,46,149,8,-1,28,-21,45,134,132,-22,39,-48,-35,10,-200,-70,14,-29,-5,-53,-73,-89,-21,-49,-89,49,-10,-123,-160,-51,-32,-164,-191,-22,-139,-25,
58,Bergen,60.398,5.32,NOR,Europe,9.27,294257,4924848,1916,0,-5,-11,-7,14,36,32,35,22,13,-1,-8,-11,-1,4,15,27,35,29,26,18,22,22,31,31,23,29,25,12,14,29,0.538,,,,,,,,,,,,,,,,,,,,,,,,,,,,,,,,,,,,,,,,,,,,,,,,,,,,,,,,,,,,,,,,,,,,,,,,,,,,,,,,,,,,,,,,,,,,,,,,,,,,,,,,,,,,,,0,-8,-43,-89,77,-11,8,52,46,37,31,54,51,21,43,40,63,-14,35,10,10,3,32,-4,-35,,,,5,,72,-28,39,17,12,,21,21,26,14,,4,5,-19,-29,35,-12,-53,6,-16,-5,54,-26,-41,-14,,-52,,,,-69,-47,-33,-20,-33,8,27,25,-46,-48,-12,-3,,59,63,-33,10,-26,13,-4,-67,-8,30,35,41,-3,29,4,21,8,13,31,53,17,-30,40,10,-12,28,47,6,51,12
14,Helsinki,60.154,24.956,FIN,Europe,8.66,260454,5384770,1879,0,-20,-33,-57,-24,9,7,28,14,-17,-32,-67,-82,-70,-68,-76,-44,-53,-72,-66,-71,-75,-43,-19,-39,-66,-53,-68,-97,-108,-67,-2.318,,,,,,,,,,,,,,,,,,,,,,,,,,,,,,,,,,,,,,,,,,,,,,,,,,,,,,,,,,,,,,,,,,,,,,,,,0,44,14,1,-10,3,-5,-61,37,-41,-51,-7,-100,-49,10,-26,-56,-69,-69,22,88,-86,-111,-44,102,-98,-41,-55,-101,-165,-103,-125,-68,-74,-26,-94,-170,-142,-87,-126,-158,-160,-19,-98,-59,-146,-62,-172,-100,-127,-140,-170,-166,-96,-228,-156,-132,-206,-283,-89,-291,-231,-320,-226,-76,-147,-155,-200,-306,-127,-95,-163,-301,-172,-173,-217,-159,-181,-149,-243,-297,-356,-134,-156,-305,-204,-244,-285,-118,-265,-313,-268,-225,-329,-179,-250,-212,-328,-281,-279,-281,-311,-172,-241,-111,-282,-291,-265,-312,-227,-124,-128,-277,-206,-297,-278,-207,-451,-280,-237,-273,-243,-294,-322,-330,-246,-264,-314,-158,-212,-345,-398,-249,-234,-357,-400,-192,-322,-206,
266,Seward,60.12,-149.427,USA,North-America,16.49,24431214,313085381,1964,0,-9,12,12,-9,-9,-16,-19,-37,-27,-24,-37,-52,-52,-61,-67,-54,-66,-68,-75,-70,-75,-83,-94,-109,-112,-130,-128,-145,-128,-133,-4.566,,,,,,,,,,,,,,,,,,,,,,,,,,,,,,,,,,,,,,,,,,,,,,,,,,,,,,,,,,,,,,,,,,,,,,,,,,,,,,,,,,,,,,,,,,,,,,,,,,,,,,,,,,,,,,,,,,,,,,,,,,,,,,,,,,,,,,,,,,,,,,,,,,,,,,,,,,,,,,0,-33,-34,-104,-39,-16,-67,-93,-152,-117,,,,,-96,-87,-48,-5,-95,-5,-31,-124,-50,11,-5,-135,-121,-89,,-95,-85,-105,-153,-81,-99,-130,-133,-90,-137,-109,-162,-110,-113,-179,-166,-234,-127,-201,-171,-253,-151,-149,-116,-229,-225
249,Foglo / Degerby,60.032,20.385,ALA,Europe,,,,1924,0,-18,-25,-46,-16,8,1,14,-3,-35,-54,-86,-99,-87,-87,-92,-65,-72,-91,-90,-98,-103,-76,-58,-78,-102,-93,-109,-139,-149,-116,-4.136,,,,,,,,,,,,,,,,,,,,,,,,,,,,,,,,,,,,,,,,,,,,,,,,,,,,,,,,,,,,,,,,,,,,,,,,,,,,,,,,,,,,,,,,,,,,,,,,,,,,,,,,,,,,,,,,,,,,,,0,79,-6,47,9,-1,-32,-21,25,-91,-18,1,-71,-127,42,-156,-100,-195,-103,22,-34,-40,-90,-208,-35,-2,-55,-185,-60,-92,-135,-91,-102,-83,-138,-199,-252,-49,-90,-220,-147,-177,-188,-54,-197,,,,,-130,-202,-187,-271,-232,,-234,,-135,,,-258,-245,-243,-285,-208,-114,-125,-274,-220,-295,-268,-223,-435,-287,-236,-269,-247,-298,-321,-333,-262,-287,-325,-182,-241,-364,-403,-280,-264,-389,-417,-240,-365,-251,
62,Oslo,59.909,10.735,NOR,Europe,9.27,294257,4924848,1886,0,-17,-42,-57,-28,-9,11,25,13,-7,-26,-72,-82,-74,-67,-58,-39,-40,-47,-52,-62,-59,-46,-36,-45,-69,-60,-71,-92,-94,-64,-1.612,,,,,,,,,,,,,,,,,,,,,,,,,,,,,,,,,,,,,,,,,,,,,,,,,,,,,,,,,,,,,,,,,,,,,,,,,,,,,,,,0,29,3,-10,22,,,,,,,,,,,,,,,,,,,,,,,,,,55,17,,-58,43,51,-10,43,91,80,92,87,-20,7,39,-36,24,-79,3,-2,-53,-106,36,,-89,-179,-117,16,-44,-35,-33,-140,-23,-63,-155,-142,-78,-41,-67,-113,-135,-88,-166,-167,-252,-109,-144,-196,-162,,-167,-63,-190,-218,-190,-184,,-171,,-149,-184,-208,-287,-203,-240,-166,-169,-137,-276,-265,-248,-308,-214,-156,-164,,-226,-273,-251,-260,-373,-279,-235,-220,-214,-280,-282,-271,-243,-260,-265,-215,-221,-289,-375,-222,-273,-322,-302,-230,-304,-253,-335
71,Hanko / Hango,59.823,22.977,FIN,Europe,8.66,260454,5384770,1889,0,-12,-18,-32,7,47,37,53,37,-1,-23,-54,-69,-76,-83,-124,-42,-36.67,-31.33,-26,-37,-56,-27,-21,-41,-65,-54,-69,-98,-109,-72,-3.725,,,,,,,,,,,,,,,,,,,,,,,,,,,,,,,,,,,,,,,,,,,,,,,,,,,,,,,,,,,,,,,,,,,,,,,,,,,,,,,,,,,0,56,-43,,,,14,8,-19,77,136,-37,-65,-9,114,-17,36,26,-19,-55,-31,-45,-3,-8,48,-17,,,,,,-93,32,-32,-1,-79,5,-91,-38,-66,-92,-106,-102,-60,-162,-97,-78,-204,,,,,,,-31,-91,-90,-155,-259,-89,,-109,-246,-105,-132,-173,-118,-146,-111,-182,-230,-290,,-114,-252,-174,-198,-237,-87,-224,-266,-222,-184,-285,-142,-202,-183,-283,-253,-251,-262,-275,-139,-205,-91,-259,,,-239,-158,-65,-87,-245,-163,-250,-253,-199,-402,-239,,,,,,,-222,-244,-289,-136,-193,-319,-365,-232,-212,-337,-374,-182,-304,-191,
33,Oscarsborg,59.678,10.605,NOR,Europe,9.27,294257,4924848,1954,0,-14,-40,-39,-7,28,25,34,8,-18,-52,-74,-83,-70,-63,-55,-35,-35,-48,-52,-62,-59,-49,-38,-47,-70,-60,-69,-88,-90,-61,-2.378,,,,,,,,,,,,,,,,,,,,,,,,,,,,,,,,,,,,,,,,,,,,,,,,,,,,,,,,,,,,,,,,,,,0,,,-26,,59,36,66,-20,18,,,,,,,,,,,,,,,,,,,,,,,,,,,,,,,,,,,,,,,,,,,,,,,,,,,,,,,,,,,,,,,,,,,,,,,,-107,-147,-166,,,,,,-44,-73,,-83,-83,,,-129,,-96,-172,-112,-131,-103,,,-205,-207,-188,-110,-69,-85,-209,-183,-172,-200,-71,-51,,-192,-156,-202,-179,-184,-298,-203,-151,-146,-140,-204,-203,-200,-168,-187,-191,-148,-148,-213,-298,-143,-194,-242,-221,-159,-232,-177,-261
445,Yakutat,59.548,-139.733,USA,North-America,16.49,24431214,313085381,1940,0,-15,-1,-17,-50,-57,-77,-98,-113,-105,-107,-117,-125,-138,-151,-166,-167,-195,-207,-225,-231,-246,-261,-282,-309,-328,-358,-372,-405,-407,-421,-14.797,,,,,,,,,,,,,,,,,,,,,,,,,,,,,,,,,,,,,,,,,,,,,,,,,,,,,,,,,,,,,,,,,,,,,,,,,,,,,,,,,,,,,,,,,,,,,,,,,,,,,,,,,,,,,,,,,,,,,,,,,,,,,,,,,,,,,,0,-12,-56,-88,-92,-74,-111,-97,-112,-123,-140,-186,-136,-110,-165,-204,-205,-205,-134,-151,-140,-151,-235,-171,,,-172,-193,-169,-169,-201,-254,-250,,-224,-254,-194,-192,-259,,-233,-209,-299,-222,-246,-354,-286,-230,-296,-409,-391,-388,-338,-369,-373,-397,-440,-377,-435,-440,-470,-442,-518,-494,-530,-498,-517,-594,-601,-663,-597,-666,-665,-766,-673,-664,-694,-771,-806
495,Skagway,59.45,-135.327,USA,North-America,16.49,24431214,313085381,1945,0,4,36,34,4,-7,-27,-51,-79,-91,-92,-148,-180,-210,-227,-237,-228,-262,-285,-314,-328,-353,-371,-387,-409,-427,-451,-469,-506,-520,-538,-21.223,,,,,,,,,,,,,,,,,,,,,,,,,,,,,,,,,,,,,,,,,,,,,,,,,,,,,,,,,,,,,,,,,,,,,,,,,,,,,,,,,,,,,,,,,,,,,,,,,,,,,,,,,,,,,,,,,,,,,,,,,,,,,,,,,,,,,,,,,,,0,-1,-11,-24,-66,-142,-167,-99,-65,-179,-217,-236,-233,-207,-256,-223,-251,-318,-286,,-395,-336,-374,-388,-346,-269,,,,,,,,,,,,-759,,-626,-723,-665,-598,-646,-776,-775,-768,-719,-788,-836,,,-846,-909,-908,-960,-947,-1018,-1017,-1054,-1033,-1071,-1103,-1099,-1163,-1127,-1191,-1194,-1285,-1230,-1218,-1256,-1329,-1388
1070,Seldovia,59.44,-151.72,USA,North-America,16.49,24431214,313085381,1966,0,-19,-6,-15,-47,-56,-70,-89,-116,-113,-112,-136,-147,-149,-162,-177,-167,-185,-193,-198,-197,-204,-218,-236,-257,-272,-291,-292,-309,-293,-292,-9.204,,,,,,,,,,,,,,,,,,,,,,,,,,,,,,,,,,,,,,,,,,,,,,,,,,,,,,,,,,,,,,,,,,,,,,,,,,,,,,,,,,,,,,,,,,,,,,,,,,,,,,,,,,,,,,,,,,,,,,,,,,,,,,,,,,,,,,,,,,,,,,,,,,,,,,,,,,,,,,,,0,-38,1,-7,,-131,-181,-131,-94,-131,-38,-6,-20,-147,-132,-108,-216,-124,-158,-265,-205,-148,-171,-315,-310,-274,-245,-303,-303,-303,-394,-301,-314,-371,-380,-343,-391,-352,-396,-371,-380,-459,-442,-501,,,-463,-529,-420,-440,-420,-535,-528
78,Stockholm,59.324,18.082,SWE,Europe,4.48,678429,9440747,1889,0,-19,-28,-47,-20,7,-1,9,-8,-39,-59,-89,-101,-87,-87,-91,-65,-71,-91,-86,-93,-98,-69,-50,-70,-89,-81,-94,-123,-133,-104,-3.477,,,,,,,,,,,,,,,,,,,,,,,,,,,,,,,,,,,,,,,,,,,,,,,,,,,,,,,,,,,,,,,,,,,,,,,,,,,,,,,,,,,0,66,-12,20,83,45,22,11,-18,78,128,-30,-78,-19,113,-22,22,20,-18,-87,-34,-34,-7,-13,33,-18,-83,-52,-73,-77,-103,-111,-2,-44,-19,-104,-31,-105,-50,-90,-116,-127,-125,-81,-190,-114,-86,-163,-216,-70,-247,-204,-283,-202,-80,-124,-123,-185,-296,-136,-102,-136,-279,-143,-176,-222,-176,-193,-176,-228,-286,-322,-138,-184,-330,-255,-264,-284,-143,-294,-335,-292,-260,-349,-226,-276,-279,-361,-323,-333,-347,-361,-233,-320,-208,-347,-349,-326,-368,-302,-216,-213,-367,-317,-390,-367,-316,-517,-378,-320,-366,-337,-385,-412,-416,-342,-371,-409,-268,-320,-437,-470,-366,-331,-466,-489,-326,-438,-326,
