location,latitude,longitude,country,continent,c02_emissions,coastal_population2010_sum,total_population2010_sum,start_year,1985,1986,1987,1988,1989,1990,1991,1992,1993,1994,1995,1996,1997,1998,1999,2000,2001,2002,2003,2004,2005,2006,2007,2008,2009,2010,2011,2012,2013,2014,2015,2016,2017,2018,color,color1
Poti,42.167,41.683,GEO,Asia,2.41,176485,3307486,1874,788,880,928,974,897,876,956,900,974,1012,1009,1002,1084,1100,1122,1066,1039,1084,,1088,1103,1085,999,985,1033,1196,1125,1053,1147,1112,1109,,,,788,321
Skagway,59.45,-135.327,USA,North-America,16.49,24431214,3307830,1945,-723,-665,-598,-646,-776,-775,-768,-719,-788,-836,,,-846,-909,-908,-960,-947,-1018,-1017,-1054,-1033,-1071,-1103,-1099,-1163,-1127,-1191,-1194,-1285,-1230,-1218,-1256,-1329,-1388,665,-665
Juneau,58.298,-134.412,USA,North-America,16.49,24431214,3307822,1936,-688,-620,-570,-611,-716,-703,-696,-641,-721,-735,-778,-841,-764,-810,-818,-855,-848,-882,-875,-940,-883,-927,-952,-953,-975,-929,-989,-976,-1091,-1028,-1009,-1022,-1103,-1157,469,-469
Yakutat,59.548,-139.733,USA,North-America,16.49,24431214,3307829,1940,-354,-286,-230,-296,-409,-391,-388,-338,-369,-373,-397,-440,-377,-435,-440,-470,-442,-518,-494,-530,-498,-517,-594,-601,-663,-597,-666,-665,-766,-673,-664,-694,-771,-806,452,-452
Hoek Van Holland,51.978,4.12,NLD,Europe,9.92,11967821,3307574,1864,351,359,359,418,384,404,317,356,362,395,405,309,355,421,422,414,432,417,395,418,406,403,452,423,402,411,417,417,401,432,440,442,464,,351,113
"Kodiak Island, Womens Bay",57.732,-152.512,USA,North-America,16.49,24431214,3307840,1985,0,44,72,32,-75,-71,-64,-17,-63,-72,-68,-119,-44,-74,-129,-131,-101,-150,-107,-156,-136,-139,,-209,-263,-178,-250,-243,-308,-221,-191,-161,-281,-290,290,-290
Harlingen,53.176,5.409,NLD,Europe,9.92,11967821,3307577,1865,264,266,237,335,283,343,206,257,251,303,301,153,239,337,328,325,315,301,287,336,306,313,370,346,300,278,344,331,288,341,388,351,397,,264,133
Seldovia,59.44,-151.72,USA,North-America,16.49,24431214,3307848,1966,-265,-205,-148,-171,-315,-310,-274,-245,-303,-303,-303,-394,-301,-314,-371,-380,-343,-391,-352,-396,-371,-380,-459,-442,-501,,,-463,-529,-420,-440,-420,-535,-528,263,-263
Den Helder,52.964,4.745,NLD,Europe,9.92,11967821,3307575,1865,242,242,223,310,262,308,203,251,239,285,280,170,218,298,293,291,290,278,268,300,273,275,322,297,263,250,297,282,253,286,316,297,336,,242,94
Maassluis,51.918,4.25,NLD,Europe,9.92,11967821,3307572,1848,222,241,255,305,260,277,184,236,239,277,284,167,197,269,275,268,288,273,237,268,253,258,313,284,256,272,268,274,259,287,297,302,319,,222,97
Delfzijl,53.326,6.933,NLD,Europe,9.92,11967821,3307576,1865,217,189,193,281,245,294,179,227,224,263,276,133,209,301,293,287,296,276,256,286,251,250,325,287,251,237,292,276,252,296,349,314,372,,217,155
Valdez,61.125,-146.362,USA,North-America,16.49,24431214,3307860,1975,27,92,159,148,33,46,70,119,69,69,52,-16,77,47,23,-1,31,-21,12,-36,-4,-27,-73,-76,-122,-56,-122,-96,-181,-93,-83,-77,-179,-185,212,-212
Cuxhaven 2,53.867,8.717,DEU,Europe,8.89,4430201,3307688,1843,210,216,215,303,272,352,246,242,208,318,319,138,240,338,334,321,303,290,294,343,296,301,384,348,286,267,326,299,264,299,384,328,,,210,118
Port Adelaide (Outer Harbor),-34.78,138.481,AUS,Oceania,15.4,2662710,3307587,1941,208,202,157,259,234,225,205,191,163,194,190,262,143,196,249,304,276,230,226,270,273,200,276,299,313,271,296,320,338,291,236,311,,,208,103
Charlottetown,46.233,-63.117,CAN,North-America,15.11,1300770,3307620,1938,192,168,198,204,173,179,222,203,,206,,261,288,265,242,253,254,263,250,203,231,235,260,,,363,322,296,,277,286,319,317,,192,125
"Galveston I, Pleasure Pier, Tx",29.285,-94.788,USA,North-America,16.49,24431214,3307846,1958,186,214,188,175,195,261,287,264,243,247,281,215,247,306,280,249,261,322,298,303,307,240,334,332,301,315,,,,,,,,,186,129
Weipa,-12.667,141.867,AUS,Oceania,15.4,2662710,3307599,1966,183,196,93,204,265,,-8,123,59,77,138,215,77,179,260,284,239,138,154,148,163,186,192,279,256,278,301,267,288,212,149,210,,,183,27
Ny-Alesund,78.929,11.938,SJM,Europe,,316,2338,1977,,,,,,,,4,-1,15,-19,-39,-31,-65,-49,-78,-90,-81,-40,-30,-60,-66,-87,-133,-119,-146,-89,-149,-182,-206,-127,-163,-190,-170,170,-170
Fremantle,-32.056,115.739,AUS,Oceania,15.4,2662710,3307582,1897,167,125,87,208,211,130,138,130,79,116,177,253,134,175,307,283,210,146,172,174,191,184,209,289,237,229,356,326,326,254,214,219,266,,167,99
North Shields,55.007,-1.44,GBR,Europe,6.5,6662984,3307667,1896,165,173,178,206,212,218,142,179,,206,191,159,194,,220,215,226,251,252,265,250,258,243,244,214,,231,223,222,249,243,255,274,,165,109
Kotelnyi (Kotelnyi Ostrov),76,137.867,RUS,Europe,11.86,2907303,3307781,1951,163,51,166,189,253,206,191,218,92,476,78,167,219,137,200,,,229,272,251,360,347,383,398,337,,346,272,316,,,,,,163,153
Hondau,20.667,106.8,VNM,Asia,1.84,50286178,3307695,1957,159,41,7,-2,44,21,54,40,51,69,68,82,80,65,80,88,120,79,112,55,50,86,49,90,104,85,90,146,149,,,,,,159,-10
Esbjerg,55.461,8.441,DNK,Europe,5.94,1492575,3307528,1889,138,116,128,253,202,,125,171,137,214,177,9,150,222,225,229,170,166,171,228,177,209,257,267,177,116,265,219,103,55,296,248,299,,138,161
Wismar 2,53.899,11.458,DEU,Europe,8.89,4430201,3307689,1849,137,139,155,177,229,180,113,,124,128,205,105,152,178,141,133,157,181,144,170,169,130,253,198,168,206,179,225,183,145,202,190,247,,137,110
Port Aux Basques,47.567,-59.133,CAN,North-America,15.11,1300770,3307618,1959,134,107,118,116,110,110,113,134,108,109,126,141,,130,,,148,157,158,122,167,,,176,197,254,,215,212,205,195,223,218,,134,84
Ilha Fiscal,-22.897,-43.167,BRA,South-America,2.59,13525900,3307786,1965,131,162,,,152,115,101,84,164,240,219,142,83,57,89,74,64,105,97,62,71,86,83,74,190,175,167,143,196,143,179,223,,,131,92
Diamond Harbour,22.2,88.167,IND,Asia,1.73,84941245,3307876,1948,118,61,99,178,157,161,149,126,161,123,208,172,,,231,227,206,162,130,101,143,110,140,210,168,239,240,248,270,158,,,,,118,40
Ijmuiden,52.462,4.555,NLD,Europe,9.92,11967821,3307578,1872,109,105,105,169,144,172,77,124,118,160,161,60,114,196,188,185,192,181,172,191,175,174,222,194,153,141,172,166,142,189,203,196,226,,109,117
Brest,48.383,-4.495,FRA,Europe,4.57,2983590,3307677,1807,109,84,120,128,130,112,80,84,112,141,140,134,143,128,137,161,155,165,153,145,98,137,133,161,170,181,143,149,174,227,153,183,159,,109,50
Hakodate I,41.782,140.725,JPN,Asia,9.54,29241996,3307717,1961,30,48,51,28,30,49,56,46,44,40,56,23,48,0,20,21,-5,22,1,44,33,8,24,-4,20,45,-7,-4,-5,-47,-52,-40,-59,-77,107,-107
Newlyn,50.103,-5.543,GBR,Europe,6.5,6662984,3307668,1916,107,80,113,120,127,105,69,56,84,108,135,131,119,102,105,123,119,200,165,138,115,161,,171,183,,128,136,166,212,,181,170,,107,63
Warnemunde 2,54.17,12.103,DEU,Europe,8.89,4430201,3307690,1856,106,109,116,136,197,158,69,,84,90,154,51,127,162,127,132,151,171,134,167,159,122,247,175,147,174,150,187,135,103,175,143,215,,106,109
Rockport,28.022,-97.047,USA,North-America,16.49,24431214,3307838,1948,105,114,82,47,56,118,164,157,138,142,206,142,,252,225,197,216,294,256,269,273,205,316,288,268,302,251,299,318,291,,441,,,105,336
Seward,60.12,-149.427,USA,North-America,16.49,24431214,3307807,1964,-124,-50,11,-5,-135,-121,-89,,-95,-85,-105,-153,-81,-99,-130,-133,-90,-137,-109,-162,-110,-113,-179,-166,-234,-127,-201,-171,-253,-151,-149,-116,-229,-225,101,-101
Andenes,69.326,16.135,NOR,Europe,9.27,294257,3307502,1982,,,,,,,,-106,-159,-127,-121,-193,-131,-136,-90,-133,-134,-113,-112,-102,-96,-105,-78,-113,-130,-192,-82,-128,-104,-139,-39,-113,-77,-101,101,-101
Slipshavn,55.288,10.828,DNK,Europe,5.94,1492575,3307533,1896,100,98,109,137,183,161,95,99,68,93,158,,121,178,131,126,142,167,129,155,144,124,218,169,143,,164,169,139,113,183,145,214,,100,114
Borkum (Fischerbalje),53.558,6.748,DEU,Europe,8.89,4430201,3307693,1963,100,90,98,177,157,172,90,100,100,165,140,17,101,172,163,143,166,151,147,181,163,175,215,198,160,138,189,166,139,178,221,191,,,100,91
Marseille,43.279,5.354,FRA,Europe,4.57,2983590,3307678,1885,97,96,114,98,93,98,117,,107,,115,170,,,134,139,143,137,144,162,,,128,152,206,,183,178,189,245,160,173,,,97,76
Sitka,57.052,-135.342,USA,North-America,16.49,24431214,3307824,1938,-172,-95,-54,-82,-172,-154,-135,-71,-116,-119,-143,-159,-81,-105,-121,-147,-118,-159,-105,-132,-98,-96,-114,-137,-181,-131,-203,-180,-291,-191,-177,-173,-226,-268,96,-96
Magueyes Island,17.97,-67.045,PRI,North-America,,555617,3307484,1955,96,89,65,55,45,54,89,81,79,114,61,60,82,113,57,62,118,89,120,84,96,108,,123,74,127,111,158,128,164,180,161,,,96,65
Ulsan,35.502,129.387,KOR,Asia,11.57,3970153,3307651,1963,96,90,103,106,118,85,96,108,71,30,87,59,74,107,106,59,83,109,,110,90,181,185,117,135,124,96,143,113,149,153,181,,,96,85
"Papeete-B, Fare Ute Point, Soc.Is.",-17.533,-149.573,PYF,Oceania,2.92,34466,273777,1970,95,81,48,56,57,71,65,74,84,59,89,91,60,27,148,91,82,97,112,114,75,127,,77,84,60,102,99,90,144,183,165,,,95,70
Fredericia,55.561,9.754,DNK,Europe,5.94,1492575,3307529,1890,89,79,72,106,158,124,,97,74,91,130,46,94,122,108,103,121,157,114,129,123,102,193,152,124,135,122,139,115,108,127,122,170,,89,81
Amrum (Wittduen),54.617,8.383,DEU,Europe,8.89,4430201,3307692,1963,89,75,82,215,166,259,25,122,110,163,148,-8,102,185,198,188,171,216,196,206,158,183,230,221,147,98,164,147,83,129,199,134,,,89,45
Ayukawa,38.297,141.505,JPN,Asia,9.54,29241996,3307702,1959,88,106,105,85,88,113,136,119,123,139,154,142,166,150,180,187,158,176,156,189,210,221,258,225,255,286,,,,,,,,,88,198
Vlissingen,51.442,3.596,NLD,Europe,9.92,11967821,3307573,1862,88,71,70,132,99,115,40,79,85,116,126,41,75,143,138,132,151,134,124,156,169,143,188,161,143,145,149,142,128,166,169,172,188,,88,100
Providence (State Pier),41.807,-71.4,USA,North-America,16.49,24431214,3307827,1939,87,85,82,51,36,66,96,120,117,67,101,,,172,127,105,121,107,120,121,180,165,119,155,180,231,210,193,164,164,133,197,197,,87,110
Port Pirie,-33.178,138.012,AUS,Oceania,15.4,2662710,3307585,1941,87,80,17,140,128,103,81,61,30,59,56,105,-17,78,154,200,178,146,119,130,171,125,191,189,207,147,183,205,241,184,142,207,,,87,120
Wellington Harbour,-41.284,174.78,NZL,Oceania,7.69,560959,3307491,1945,86,141,70,90,,,126,105,65,95,,125,94,126,159,162,157,151,154,158,153,154,146,173,161,148,176,179,213,210,223,242,183,,86,97
Gibara,21.108,-76.125,CUB,North-America,3.05,1014837,3307562,1976,86,100,76,75,66,69,96,119,80,105,79,47,113,135,72,7,88,138,182,69,80,112,99,89,100,93,102,162,164,159,197,224,,,86,138
Christmas Island Ii,1.983,-157.483,KIR,Oceania,0.56,65881,101093,1974,82,129,112,-75,42,112,133,105,89,113,51,,219,-74,-17,52,82,163,,127,87,98,,,135,30,49,97,95,181,,,,,82,99
Le Havre,49.482,0.106,FRA,Europe,4.57,2983590,3307679,1959,79,37,,107,81,57,-8,,,83,91,37,45,60,105,119,109,112,96,98,64,85,95,97,100,93,80,95,106,155,112,123,126,,79,47
Oscarsborg,59.678,10.605,NOR,Europe,9.27,294257,3307494,1954,-183,-172,-200,-71,-51,,-192,-156,-202,-179,-184,-298,-203,-151,-146,-140,-204,-203,-200,-168,-187,-191,-148,-148,-213,-298,-143,-194,-242,-221,-159,-232,-177,-261,78,-78
Jeju,33.528,126.543,KOR,Asia,11.57,3970153,3307652,1964,74,69,94,64,101,101,108,121,80,128,106,104,140,146,150,169,180,205,184,,,224,230,215,,236,210,252,208,220,232,262,217,,74,143
Nice,43.696,7.286,FRA,Europe,4.57,2983590,3307684,1978,71,72,83,55,128,137,122,124,133,128,,,,,97,98,122,127,113,121,103,101,,,191,220,148,150,165,210,152,163,,,71,92
Oslo,59.909,10.735,NOR,Europe,9.27,294257,3307498,1886,-265,-248,-308,-214,-156,-164,,-226,-273,-251,-260,-373,-279,-235,-220,-214,-280,-282,-271,-243,-260,-265,-215,-221,-289,-375,-222,-273,-322,-302,-230,-304,-253,-335,70,-70
Easter Island-E,-27.155,-109.473,CHL,South-America,4.69,214863,3307581,1981,69,89,124,97,3,80,,-40,29,49,77,88,66,32,,,115,,,,,147,82,-26,75,15,85,79,64,10,79,63,,,69,-6
Levkas,38.835,20.712,GRC,Europe,6.18,927234,3307570,1970,68,90,104,82,,85,104,83,97,,,97,107,116,139,,,180,,218,209,230,207,212,267,,259,254,268,269,237,249,217,,68,149
West-Terschelling,53.363,5.22,NLD,Europe,9.92,11967821,3307579,1921,68,79,68,141,110,148,26,88,67,111,110,-10,47,116,111,108,99,84,81,118,112,125,172,155,118,98,148,132,100,150,181,156,193,,68,125
Malakal-B,7.333,134.467,PLW,Oceania,12.34,2500,20609,1971,67,-37,-88,59,145,-6,-95,-24,-58,-46,-30,37,-127,122,194,137,142,-24,0,-36,,96,35,206,129,130,184,194,215,57,-99,106,,,67,39
Roscoff,48.718,-3.966,FRA,Europe,4.57,2983590,3307683,1975,63,37,,68,60,39,3,22,66,,101,72,90,68,73,118,84,,109,85,56,89,64,97,105,105,66,84,100,157,95,115,108,,63,45
Sassnitz,54.511,13.643,DEU,Europe,8.89,4430201,3307691,1936,58,62,48,,,,,,19,36,103,-45,38,76,49,79,93,69,43,105,113,77,197,126,81,96,109,141,52,18,112,71,158,,58,100
Korsor,55.332,11.142,DNK,Europe,5.94,1492575,3307534,1897,58,,62,103,136,145,,99,79,96,140,43,120,153,123,125,116,133,96,108,102,72,193,142,102,119,123,145,104,76,119,105,158,,58,100
Port Lincoln,-34.716,135.87,AUS,Oceania,15.4,2662710,3307586,1966,56,34,-3,92,20,13,64,56,28,45,71,106,17,63,155,137,111,82,70,68,107,43,106,146,125,78,117,127,165,94,42,112,,,56,56
Kobenhavn,55.705,12.6,DNK,Europe,5.94,1492575,3307530,1889,55,54,22,80,135,117,,127,37,55,94,-13,79,118,76,99,,117,67,153,104,63,169,110,39,,132,138,93,131,,73,149,,55,94
Unalaska,53.88,-166.537,USA,North-America,16.49,24431214,3307843,1956,-175,,,,-220,-224,-180,-172,-166,-196,-167,-241,-166,-177,-253,-212,-223,-215,-195,-208,-181,-237,-245,-242,-251,-209,-247,-280,-277,-174,-176,-131,-241,-228,53,-53
Bakar,45.3,14.533,HRV,Europe,3.97,115291,3307488,1930,53,56,66,42,-13,-11,-1,-5,2,48,56,94,73,84,97,117,103,126,80,87,63,72,62,77,121,191,80,75,138,,,,,,53,85
"St. John'S, Nfld.",47.567,-52.717,CAN,North-America,15.11,1300770,3307619,1957,51,5,,-4,,-18,49,23,-15,39,47,66,77,25,16,16,33,55,114,79,8,-43,,26,81,117,68,58,86,44,41,66,85,,51,34
King Bay,-20.624,116.749,AUS,Oceania,15.4,2662710,3307602,1983,50,19,,81,103,25,-16,-37,-41,2,40,113,6,84,180,190,152,40,25,58,63,98,102,49,119,148,,,,109,,,,,50,59
Tappi,41.243,140.381,JPN,Asia,9.54,29241996,3307776,1985,0,7,25,-15,-1,18,13,14,11,20,44,5,44,22,45,45,22,44,21,63,41,14,43,5,35,67,2,17,27,-16,-26,-10,-27,-49,49,-49
Palermo,-34.567,-58.4,ARG,South-America,4.75,4139178,3307639,1960,49,86,50,-3,40,30,27,44,119,14,31,-15,49,164,67,7,-4,16,28,-17,42,80,82,46,27,44,47,59,70,32,90,173,134,,49,85
Chujado,33.962,126.3,KOR,Asia,11.57,3970153,3307664,1984,47,17,26,21,52,37,50,54,17,38,11,9,47,76,52,,24,63,63,76,56,34,92,,,79,65,101,68,104,109,132,87,,47,40
Nieuwpoort,51.15,2.733,BEL,Europe,8.33,2264375,3307561,1967,47,31,58,112,88,92,39,66,69,93,106,42,72,126,119,119,144,121,108,116,109,116,156,127,97,108,90,101,72,102,119,140,145,,47,98
Gadeokdo,35.025,128.811,KOR,Asia,11.57,3970153,3307657,1977,46,38,38,23,57,37,48,54,26,46,14,23,49,71,81,33,50,,,58,69,124,107,83,78,82,87,135,,148,153,190,138,,46,92
Immingham,53.63,-0.187,GBR,Europe,6.5,6662984,3307669,1960,46,,59,57,92,86,13,30,32,53,69,,60,88,79,63,12,12,25,39,56,92,101,84,,97,,,-50,,,,,,46,-96
Dunai (Dunai Ostrov),73.933,124.5,RUS,Europe,11.86,2907303,3307780,1951,45,117,-68,17,48,53,63,46,-53,-63,-24,,6,26,81,-2,147,-13,-13,6,210,131,89,87,,10,,,,,,,,,45,-35
Charlotte Amalie,18.335,-64.92,VIR,North-America,,13958,108846,1976,45,,11,-2,-4,12,73,,,67,17,3,37,69,13,17,77,43,78,36,59,,78,77,,91,72,107,80,117,141,118,,,45,73
Port Tudy,47.644,-3.446,FRA,Europe,4.57,2983590,3307681,1976,44,17,63,60,49,12,9,22,50,,55,73,89,,,114,106,102,87,98,74,120,90,101,103,133,79,68,95,154,80,112,87,,44,92
Aberdeen I,57.144,-2.077,GBR,Europe,6.5,6662984,3307671,1932,41,27,14,57,87,91,-1,31,,,31,-1,37,60,55,53,55,85,80,75,60,115,99,98,,31,,51,30,75,,,,,41,34
Victor Harbour,-35.562,138.635,AUS,Oceania,15.4,2662710,3307595,1966,40,68,17,127,158,131,93,75,45,84,79,162,23,74,122,164,129,,81,91,120,48,131,139,158,120,,172,198,139,70,163,,,40,123
Rikitea,-23.122,-134.967,PYF,Oceania,2.92,34466,273777,1970,38,92,63,36,73,67,77,46,37,61,74,,,67,107,,,97,81,56,111,91,82,90,112,87,119,128,71,96,187,158,,,38,120
Helgeroa,58.995,9.856,NOR,Europe,9.27,294257,3307511,1984,-139,,-152,-93,-57,-56,-153,-128,-150,-130,-135,-230,-151,-111,-108,-95,-146,-142,-143,-115,-136,-134,-90,-103,-168,-221,-105,-131,-170,-148,-107,-158,-111,-176,37,-37
Koserow,54.06,14.001,DEU,Europe,8.89,4430201,3307694,1980,36,30,55,72,133,,,,1,48,,,54,97,55,63,71,74,42,89,79,45,165,91,47,75,91,140,67,26,124,85,171,,36,43
Bunbury,-33.323,115.66,AUS,Oceania,15.4,2662710,3307592,1958,36,-20,,99,90,1,13,-4,-54,-7,43,98,-13,36,156,138,69,8,37,29,38,,62,125,71,59,189,164,167,88,43,53,,,36,17
Mikuni,36.255,136.149,JPN,Asia,9.54,29241996,3307745,1968,36,42,59,31,61,65,76,97,73,86,90,75,99,,138,119,136,167,160,210,193,169,206,231,219,190,156,207,204,170,173,215,213,,36,135
Oga,39.942,139.706,JPN,Asia,9.54,29241996,3307751,1970,-63,-44,-30,-74,-61,-43,-54,-43,-50,,-32,-61,-40,-53,-19,-28,-48,-24,-52,-12,-39,-61,-34,-80,-46,-18,-93,-59,-49,-84,-96,-65,-71,-98,35,-35
Hirosima,34.353,132.465,JPN,Asia,9.54,29241996,3307723,1964,35,82,,78,139,56,111,136,118,162,117,110,164,198,217,146,177,213,217,,160,211,183,178,200,231,230,269,228,243,235,283,226,,35,177
Yarmouth,43.833,-66.133,CAN,North-America,15.11,1300770,3307627,1967,35,40,93,,12,12,43,49,,,59,99,102,89,62,74,74,75,,100,,,99,113,145,196,162,147,146,144,124,172,162,,35,192
Cherbourg,49.651,-1.636,FRA,Europe,4.57,2983590,3307680,1975,33,27,41,45,51,10,-23,-12,23,74,79,33,49,57,45,71,71,82,62,62,26,63,51,75,83,79,57,54,71,122,67,95,83,,33,127
Ofunato Ii,39.02,141.753,JPN,Asia,9.54,29241996,3307759,1974,33,46,54,33,30,64,83,69,72,87,121,100,128,108,139,140,110,128,112,144,146,129,168,140,170,189,,,,,,,,,33,156
Mokpo,34.78,126.376,KOR,Asia,11.57,3970153,3307648,1960,33,46,43,18,58,58,58,126,65,91,18,41,71,52,65,45,55,157,162,166,127,160,152,,,178,162,209,179,159,162,,,,33,129
Asamushi,40.898,140.859,JPN,Asia,9.54,29241996,3307709,1955,6,26,45,1,8,35,,,27,34,55,33,53,38,67,69,40,61,39,88,67,72,59,35,57,87,26,32,41,3,-14,6,-10,-26,32,-32
Oostende,51.233,2.917,BEL,Europe,8.33,2264375,3307559,1937,31,5,27,76,57,59,-6,23,26,54,75,4,39,93,86,86,109,90,86,97,76,78,128,109,73,86,67,65,59,84,102,122,134,,31,50
Rovinj,45.083,13.628,HRV,Europe,3.97,115291,3307490,1956,30,50,55,31,-21,-14,1,-8,3,38,32,72,59,59,72,81,95,84,35,61,45,37,37,41,97,136,44,39,121,113,,,,,30,83
Gunsan (Outer Port),35.976,126.563,KOR,Asia,11.57,3970153,3307661,1981,30,-3,30,35,35,49,95,70,-3,31,-7,-17,12,61,79,,36,59,,,24,,138,,,141,128,88,84,140,92,111,,,30,81
Klagshamn,55.522,12.894,SWE,Europe,4.48,678429,3307546,1930,27,29,5,79,134,59,,12,7,35,83,-51,39,83,52,57,58,64,41,92,75,49,162,67,10,15,44,78,3,-14,72,26,112,,27,103
Petropavlovsk-Kamchatsky,52.983,158.65,RUS,Europe,11.86,2907303,3307785,1958,27,37,65,12,-43,-20,42,41,36,41,76,92,143,71,76,102,69,87,99,103,114,70,107,79,103,119,131,129,146,206,184,226,222,,27,85
Heuksando,34.684,125.436,KOR,Asia,11.57,3970153,3307659,1979,27,29,39,38,55,48,55,54,51,87,69,64,70,20,40,24,46,,,47,10,,34,25,,41,21,70,45,57,44,75,60,,27,195
St-Francois,47,-70.817,CAN,North-America,15.11,1300770,3307624,1963,25,26,21,30,-71,19,25,19,65,-13,49,110,104,124,27,45,15,-1,0,18,61,77,4,93,151,122,,43,58,62,13,85,128,,25,33
Rodbyhavn,54.656,11.349,DNK,Europe,5.94,1492575,3307538,1955,24,,,,,,,,,,,,,,,,,,,,,,,,,69,42,100,32,1,47,26,94,,24,103
Geomundo,34.028,127.309,KOR,Asia,11.57,3970153,3307662,1982,24,35,29,33,59,47,66,76,46,60,34,48,76,99,110,113,138,151,148,134,102,129,148,,146,133,92,137,121,137,171,223,210,,24,70
Townsville I,-19.25,146.833,AUS,Oceania,15.4,2662710,3307589,1959,22,30,27,103,101,60,70,24,32,67,60,50,39,114,105,102,68,51,65,38,51,66,92,80,121,183,158,136,161,155,131,147,159,,22,186
Fynshav,54.995,9.987,DNK,Europe,5.94,1492575,3307539,1968,22,34,41,62,117,93,-3,42,25,42,103,9,53,56,42,23,36,80,47,87,85,51,125,,,,68,109,86,49,70,70,120,,22,137
Kainan,34.144,135.191,JPN,Asia,9.54,29241996,3307708,1953,-122,-73,-97,-119,-31,-122,-86,-52,-107,-53,-88,-102,-97,-61,-42,-125,-116,-63,-52,-38,-144,-75,-115,-128,-118,-77,-79,-48,-115,-79,-101,-61,-119,-143,21,-21
North Sydney,46.217,-60.25,CAN,North-America,15.11,1300770,3307632,1970,20,-9,11,17,-8,-27,28,26,13,8,32,57,91,53,47,28,60,65,59,51,90,72,100,71,112,169,150,109,149,97,88,138,151,,20,98
Tongyeong,34.828,128.435,KOR,Asia,11.57,3970153,3307658,1977,20,25,32,30,57,33,48,59,33,43,15,23,32,75,63,40,49,62,65,63,40,63,68,54,69,,52,98,69,95,95,121,87,,20,131
"Bundaberg, Burnett Heads",-24.767,152.383,AUS,Oceania,15.4,2662710,3307598,1966,19,-1,-8,54,77,46,63,56,17,30,34,41,23,71,71,53,55,24,60,29,43,19,43,50,55,142,114,78,147,166,151,170,189,,19,67
Ko Lak,11.8,99.817,THA,Asia,4.62,17309591,3307686,1940,19,,45,42,34,10,33,-1,-11,0,26,25,0,4,11,11,21,14,22,,45,84,48,118,115,186,200,160,188,163,142,155,197,,19,170
Kabelvag,68.213,14.482,NOR,Europe,9.27,294257,3307495,1948,-82,-53,-99,,,-12,-97,-61,-115,-105,-78,-168,-104,-90,-70,-107,-118,-90,-87,-81,-64,-87,-54,-81,-110,-182,-57,-116,-96,-125,-19,-109,-61,-100,18,-18
Haldia,22.033,88.1,IND,Asia,1.73,84941245,3307877,1971,18,-29,-42,53,33,25,18,20,23,-38,47,54,,,63,64,61,,19,10,26,-25,18,72,52,96,83,83,109,46,,,,,18,28
Dubrovnik,42.658,18.063,HRV,Europe,3.97,115291,3307489,1956,17,37,40,22,-23,-21,,,-10,21,22,62,41,59,78,51,70,90,57,85,66,62,50,56,103,171,,92,137,132,,,,,17,115
Rorvik,64.859,11.23,NOR,Europe,9.27,294257,3307512,1970,-35,-21,-26,,92,61,-26,8,-38,-19,-11,-105,-21,-3,5,-28,-35,-22,-23,-9,-9,-28,-8,-13,-38,-109,12,-52,-34,-60,34,-53,-1,-51,16,-16
Ulleung,37.491,130.914,KOR,Asia,11.57,3970153,3307660,1979,16,-93,-41,-3,21,-9,-22,-49,-118,-110,-31,-87,-83,-16,73,53,-31,-20,48,74,,28,6,,28,-27,-2,103,120,86,132,150,80,,16,178
Neah Bay,48.367,-124.612,USA,North-America,16.49,24431214,3307819,1935,-138,-65,-70,-119,-127,-98,-108,-44,-78,-89,-49,-97,-11,-54,-122,-140,-152,-148,-95,-117,-101,-95,-156,-163,-147,-75,-136,-93,-207,-86,-91,-90,-116,-153,15,-15
Zeebrugge,51.35,3.2,BEL,Europe,8.33,2264375,3307560,1962,13,-1,26,78,55,68,-9,43,49,71,84,9,44,99,98,99,117,94,98,106,95,95,143,148,130,83,81,78,,,102,117,139,,13,64
Quebec (Lauzon),46.833,-71.167,CAN,North-America,15.11,1300770,3307614,1911,10,33,4,28,,39,17,19,100,50,46,130,112,113,-6,2,-33,-12,-36,11,39,79,-23,69,57,75,106,,,,,,,,10,96
Newcastle V,-32.924,151.789,AUS,Oceania,15.4,2662710,3307594,1966,10,22,-15,43,66,56,21,41,-17,-1,4,38,-8,60,51,67,117,48,34,23,34,46,60,68,48,49,89,79,133,80,78,122,,,10,112
Kure I,33.334,133.243,JPN,Asia,9.54,29241996,3307756,1973,-148,-99,-112,-134,-41,-128,-94,-55,-109,-55,-93,-105,-107,-72,-51,-131,-121,-58,-42,-33,-172,-77,-117,-114,-130,-87,-95,-71,-137,-94,-114,-77,-121,-157,9,-9
Heimsjo,63.425,9.102,NOR,Europe,9.27,294257,3307501,1928,-128,-108,-138,-75,-24,,-130,-93,-142,-112,-116,-199,-119,-97,-106,-127,-132,-99,-121,-104,-111,-116,-92,-88,-119,-183,-83,-136,-130,-122,-60,-129,-83,-137,9,-9
Ketchikan,55.332,-131.625,USA,North-America,16.49,24431214,3307800,1919,-92,-12,29,-7,-79,-45,-20,41,-27,-12,-40,-48,29,-14,-29,-57,-37,-72,-9,-40,5,-28,0,-40,-65,-5,-39,-18,-119,-68,-54,-39,-61,-99,7,-7
Port Hedland,-20.318,118.574,AUS,Oceania,15.4,2662710,3307583,1966,6,,-51,63,90,1,-36,-53,-62,-33,19,84,-15,59,157,170,124,16,22,52,59,90,108,154,114,151,191,,200,96,39,68,,,6,62
Klaipeda,55.7,21.133,LTU,Europe,4.38,164111,3307481,1898,5,30,-22,18,165,147,30,47,4,16,96,-120,78,151,87,89,62,24,108,182,,36,196,126,30,,123,,,,,,,,5,118
Viken,56.142,12.579,SWE,Europe,4.48,678429,3307555,1977,4,-4,-10,43,103,98,-5,35,-3,-10,38,-83,15,53,36,32,28,23,25,60,33,22,112,73,13,0,72,62,12,-8,71,27,86,,4,126
Mar Del Plata (Naval Base),-38.033,-57.517,ARG,South-America,4.75,4139178,3307638,1958,4,,,-41,-51,-41,-51,-44,-26,2,,-84,-16,-68,,,,50,47,-49,33,,8,-21,1,,-56,48,66,77,33,151,,,4,147
Wando,34.315,126.76,KOR,Asia,11.57,3970153,3307663,1983,2,-3,2,-2,18,7,28,31,-9,11,-12,-4,11,62,49,23,26,52,54,38,,22,24,9,,40,17,69,36,67,68,,51,,2,82
Portpatrick,54.843,-5.12,GBR,Europe,6.5,6662984,3307676,1968,1,-24,-56,20,,,-32,-9,0,28,15,-33,26,24,,68,24,85,41,42,15,110,50,83,91,33,,,,,,,,,1,32
Hanko / Hango,59.823,22.977,FIN,Europe,8.66,260454,3307517,1889,,,-239,-158,-65,-87,-245,-163,-250,-253,-199,-402,-239,,,,,,,-222,-244,-289,-136,-193,-319,-365,-232,-212,-337,-374,-182,-304,-191,,0,49
Chesapeake Bay Br. Tun.,36.967,-76.113,USA,North-America,16.49,24431214,3307866,1985,0,-8,29,-45,-15,-35,24,39,61,11,30,86,89,132,81,53,59,30,89,89,146,109,69,92,156,167,150,162,136,171,134,179,,,0,179
Narvik,68.428,17.426,NOR,Europe,9.27,294257,3307500,1932,,,,,,,,,,,,,,,,,,,,,,,,,,,,,,,,,,,0,
Soma,37.831,140.962,JPN,Asia,9.54,29241996,3307758,1974,,1,9,-4,-5,23,,34,39,59,62,48,72,66,97,91,62,79,66,95,102,94,132,109,129,150,,,,,,,,,0,149
Reedy Point,39.558,-75.573,USA,North-America,16.49,24431214,3307844,1985,0,31,34,-24,-5,-12,31,41,,,,,76,113,,,52,25,75,69,121,97,41,77,130,131,158,120,91,105,84,119,139,,0,-191
Lowestoft,52.473,1.75,GBR,Europe,6.5,6662984,3307672,1956,,64,87,117,116,108,42,82,98,106,115,40,98,127,135,112,148,136,159,155,144,146,178,147,142,161,167,151,155,165,173,,,,0,109
Churchill,58.767,-94.183,CAN,North-America,15.11,1300770,3307621,1940,,,-491,,,,,-474,-475,-471,-480,-469,-441,-459,-479,-485,-500,-490,-485,-550,-519,-472,-525,-539,-507,-473,-549,-527,-553,-554,,-602,-488,,0,139
Rimouski,48.483,-68.517,CAN,North-America,15.11,1300770,3307637,1985,0,-26,17,29,,,-25,,,,92,73,1,12,-17,-14,-8,-36,-24,-18,7,22,-22,3,-10,68,58,6,14,10,-33,34,43,,0,-488
Stornoway,58.208,-6.389,GBR,Europe,6.5,6662984,3307670,1977,,2,-9,67,74,70,0,5,-16,0,,23,38,22,35,39,23,91,85,76,14,94,73,,108,25,,,82,,,106,106,,0,43
Mourilyan Harbour,-17.583,146.083,AUS,Oceania,15.4,2662710,3307603,1985,0,23,31,106,67,105,98,70,,83,105,108,90,159,132,,97,70,90,76,87,99,94,93,137,209,187,164,183,173,148,171,,,0,171
Lumut,4.24,100.613,MYS,Asia,8.03,6215003,3307608,1985,0,-44,-70,-2,-16,-47,-59,-31,-31,-77,1,5,,-11,27,32,28,-45,,-32,-8,-53,,34,4,48,,69,80,29,6,,,,0,6
Cebu,10.3,123.917,PHL,Asia,1.06,14121488,3307700,1948,,77,,137,154,,,24,,79,64,126,14,81,178,,168,122,83,95,108,173,135,,,170,184,218,185,,160,,238,,0,106
"Lime Tree Bay, St Croix",17.693,-64.753,VIR,North-America,,13958,108846,1984,,1,-15,-46,,,,,,15,-17,-11,26,39,-28,-24,38,10,46,14,37,39,45,33,,73,43,76,45,65,94,74,,,0,73
Tauranga (Salisbury Wharf),-37.641,176.181,NZL,Oceania,7.69,560959,3307493,1985,0,-3,-68,,,14,-13,-20,-90,-100,-77,-29,-53,-15,34,53,,,11,6,19,5,24,58,74,54,86,52,76,29,79,90,84,,0,238
Zanzibar,-6.15,39.183,TZA,Africa,0.22,777316,3307640,1985,0,-15,3,20,-41,9,20,-42,-25,-33,-11,-39,-53,16,-27,-66,-78,-50,-24,-17,-21,-15,31,,14,48,49,14,27,,72,44,,,0,44
Batiscan,46.5,-72.25,CAN,North-America,15.11,1300770,3307610,1961,,373,59,-61,-109,144,,60,280,119,-51,311,320,142,,-84,-323,-123,-182,24,9,220,-153,239,162,-138,,-192,36,161,-77,105,462,,0,84
Riviere-Au-Renard,49,-64.383,CAN,North-America,15.11,1300770,3307628,1969,,-63,-48,,-74,-59,-38,-41,-35,-35,-23,18,16,-3,-39,,,-17,0,8,,23,-8,10,17,84,57,,34,9,-27,15,28,,0,462
St-Joseph-De-La-Rive,47.45,-70.367,CAN,North-America,15.11,1300770,3307630,1980,,-75,-113,,,,,,-193,-251,,-95,-160,,-95,-66,-81,-97,-131,-91,-53,-44,-87,-23,-50,-1,-28,-78,-78,-126,-156,-75,-48,,0,27
Sept-Iles,50.2,-66.4,CAN,North-America,15.11,1300770,3307634,1981,,15,11,,,,,,37,76,97,42,,53,38,8,29,-3,47,8,17,41,16,26,29,,40,-5,46,-1,-38,10,5,,0,-10
Aarhus,56.147,10.224,DNK,Europe,5.94,1492575,3307527,1889,,,,,136,131,30,65,49,35,93,6,71,96,84,89,97,115,99,105,,105,165,143,88,94,113,119,102,96,122,103,132,,0,-4
Frederikshavn,57.436,10.549,DNK,Europe,5.94,1492575,3307532,1894,,-2,-1,43,73,66,-44,-4,-34,-3,20,-69,8,70,34,27,-5,7,-13,12,12,7,78,41,-44,-28,-11,-38,-62,-34,1,-15,35,,0,37
Hornbaek,56.091,12.458,DNK,Europe,5.94,1492575,3307535,1891,,23,15,75,128,115,,47,5,41,73,-62,44,78,63,71,84,95,98,134,113,72,150,114,38,80,134,126,68,27,76,59,124,,0,101
Mackay,-21.1,149.233,AUS,Oceania,15.4,2662710,3307588,1966,,,,68,90,64,102,63,71,84,35,63,79,96,143,119,103,98,104,84,87,83,102,98,111,188,195,143,180,155,132,157,,,0,89
Karumba,-17.5,140.833,AUS,Oceania,15.4,2662710,3307593,1985,0,42,-69,16,91,-48,,,,-120,6,26,-138,23,94,118,84,-13,,22,2,-11,12,124,169,100,159,79,101,39,-50,25,98,,0,56
Carnarvon,-24.899,113.651,AUS,Oceania,15.4,2662710,3307596,1967,,,,,,,25,20,-9,38,93,152,46,112,224,225,172,63,62,71,84,112,118,209,156,173,289,239,223,147,110,111,,,0,86
Wyndham,-15.453,128.101,AUS,Oceania,15.4,2662710,3307597,1985,0,5,-57,14,49,-71,-32,-65,-74,-59,9,61,-16,55,151,202,173,,23,90,61,60,74,160,137,132,235,132,173,114,0,71,,,0,71
Hay Point,-21.283,149.3,AUS,Oceania,15.4,2662710,3307600,1985,0,30,-45,15,-98,-36,98,19,12,23,29,23,0,43,53,23,18,12,29,-14,-6,-15,16,55,67,140,131,88,127,107,84,108,,,0,108
Le Conquet,48.359,-4.781,FRA,Europe,4.57,2983590,3307682,1971,,,30,45,34,16,1,-11,41,,74,78,96,76,84,92,,136,86,82,41,84,60,91,100,112,86,100,118,167,96,,102,,0,72
Seogwipo,33.24,126.562,KOR,Asia,11.57,3970153,3307665,1985,0,2,37,17,54,50,63,84,57,89,61,60,95,112,106,115,118,129,120,135,95,140,135,126,145,134,89,49,115,143,151,181,132,,0,130
Tanjung Keling,2.215,102.153,MYS,Asia,8.03,6215003,3307607,1985,0,-29,-57,4,-10,-34,-66,-18,-28,-59,4,2,-105,-2,30,32,30,-37,-10,-24,,-40,,38,22,60,43,68,85,26,-1,59,,,0,59
Millport,55.75,-4.906,GBR,Europe,6.5,6662984,3307673,1986,,14,5,41,49,5,-16,2,-11,,,,6,-5,22,33,-13,,,,,30,8,42,67,7,50,20,23,84,67,,,,0,53
Whangarei Harbour (Marsden Point),-35.757,174.35,NZL,Oceania,7.69,560959,3307492,1985,0,-17,-63,-64,,,12,142,,,-64,,-27,-20,,77,69,17,,-18,5,-7,-6,13,13,-1,,47,68,82,91,99,105,,0,122
Gedser,54.573,11.926,DNK,Europe,5.94,1492575,3307536,1892,,126,128,139,188,166,75,141,104,103,177,75,137,181,130,114,150,143,119,168,140,61,252,221,165,186,160,235,,117,167,141,229,,0,103
Neuville,46.7,-71.567,CAN,North-America,15.11,1300770,3307615,1961,,119,-8,24,-101,45,,32,115,22,34,174,143,138,-52,3,-104,-38,-41,17,35,115,-57,109,75,43,161,-9,69,104,-15,100,230,,0,111
Cendering,5.265,103.187,MYS,Asia,8.03,6215003,3307606,1985,0,-4,-15,23,18,-9,5,-17,12,-4,31,,-3,17,53,49,57,24,46,32,3,42,32,,52,107,119,,,94,,,,,0,94
Argentia,47.3,-53.983,CAN,North-America,15.11,1300770,3307633,1972,,,13,,-8,-20,,,-28,-6,5,22,50,-4,6,21,35,35,61,38,25,,,8,82,120,75,71,81,,64,82,92,,0,79
Wick,58.441,-3.086,GBR,Europe,6.5,6662984,3307674,1965,,46,23,61,99,115,45,38,19,56,,20,71,86,99,90,77,115,120,103,63,114,86,89,101,,,69,,112,,112,117,,0,71
Wallaroo Ii,-33.926,137.615,AUS,Oceania,15.4,2662710,3307601,1983,,-107,-142,-43,-81,-108,-120,-100,-119,-93,-105,-60,-183,-141,-93,-45,-63,-110,,-86,-87,-165,-79,-34,-32,-68,-75,-11,8,-71,-123,-53,,,0,54
Forsmark,60.409,18.211,SWE,Europe,4.48,678429,3307550,1976,-1,28,-21,45,134,132,-22,39,-48,-35,10,-200,-70,14,-29,-5,-53,-73,-89,-21,-49,-89,49,-10,-123,-160,-51,-32,-164,-191,-22,-139,-25,,1,1
Prince Rupert,54.317,-130.333,CAN,North-America,15.11,1300770,3307613,1909,-1,,119,71,27,59,,161,108,78,85,77,155,123,96,71,99,66,130,100,144,121,130,98,82,158,128,138,23,127,138,132,109,,1,110
Sokcho,38.207,128.594,KOR,Asia,11.57,3970153,3307656,1974,-1,25,16,8,32,19,27,46,27,36,25,22,42,55,57,56,45,68,38,57,48,42,76,57,,78,68,113,92,92,97,137,101,,1,102
"Sydney, Fort Denison 2",-33.855,151.226,AUS,Oceania,15.4,2662710,3307584,1915,-1,-4,-34,10,17,35,4,-4,-38,-28,-23,-12,-59,6,-5,,59,2,-2,-6,8,-10,15,9,18,23,45,24,78,49,36,87,66,,1,67
Ogi,37.815,138.281,JPN,Asia,9.54,29241996,3307757,1974,-50,-41,-6,-53,-16,8,2,5,-3,1,23,-10,15,,29,40,16,48,39,63,4,8,97,56,59,49,-13,13,12,-30,-46,1,-34,-48,2,2
Leros,37.13,26.848,GRC,Europe,6.18,927234,3307566,1977,-4,34,47,23,,4,46,,,,35,49,32,58,46,-18,10,,,13,0,,-18,-19,36,98,40,60,85,69,53,56,22,,4,26
Pohang,36.047,129.384,KOR,Asia,11.57,3970153,3307655,1972,-4,12,-1,6,31,16,25,37,23,13,-1,4,23,44,51,41,37,88,85,136,152,144,129,155,199,191,140,206,140,183,216,273,,,4,277
Victoria,48.417,-123.367,CAN,North-America,15.11,1300770,3307612,1910,-6,62,60,17,35,63,33,107,69,52,92,68,136,91,56,30,20,38,83,65,80,91,34,29,72,114,65,103,11,115,127,133,118,,6,124
Hirtshals,57.596,9.964,DNK,Europe,5.94,1492575,3307531,1892,-6,,-1,73,98,107,,11,-17,32,22,-96,1,36,42,41,3,15,34,48,12,35,67,56,6,-49,56,19,-2,-18,36,-13,60,,6,66
Yeosu,34.747,127.766,KOR,Asia,11.57,3970153,3307654,1966,-7,1,10,-3,35,19,42,49,23,36,4,11,29,71,76,53,52,32,47,9,-3,38,44,33,41,52,,67,36,62,62,100,47,,7,54
Lower Escuminac,47.083,-64.883,CAN,North-America,15.11,1300770,3307636,1973,-7,-23,2,11,-30,,31,10,,15,27,61,,71,21,,44,28,33,40,67,85,67,73,,170,127,89,117,99,72,114,121,,7,128
Trois-Rivieres,46.333,-72.55,CAN,North-America,15.11,1300770,3307609,1925,-8,187,-148,-308,-377,-57,-137,-209,90,-110,-357,128,160,-77,-528,-351,-669,-423,-513,-213,-268,-13,-452,22,-83,-519,-46,-558,-260,-82,-390,-189,313,,8,321
Ringhals,57.25,12.113,SWE,Europe,4.48,678429,3307556,1968,-9,1,-12,49,90,97,-3,25,-8,29,24,-93,2,32,28,28,-7,-3,-6,32,9,2,78,59,-12,-51,47,26,-23,-23,52,-1,60,,9,69
Montevideo (Punta Lobos),-34.9,-56.25,URY,South-America,1.97,329223,3307482,1938,-9,-41,3,,-117,-56,-38,-59,24,,1,,1,110,-57,-24,,57,-71,-190,,-29,8,-39,-4,25,-88,-59,-142,21,25,84,60,,9,69
Penrhyn,-9.017,-158.067,COK,Oceania,,3353,20414,1978,-11,-10,23,-8,-69,18,39,9,9,38,50,-14,23,-63,-48,-44,11,60,68,35,77,-11,,-36,-3,53,-47,-14,65,102,123,97,,,11,108
Vungtau,10.333,107.067,VNM,Asia,1.84,50286178,3307699,1979,-12,-43,-48,-15,22,-2,,49,92,129,104,111,-2,26,93,105,108,78,64,35,-4,43,47,101,101,114,106,97,128,,,,,,12,140
Kristiansund,63.114,7.734,NOR,Europe,9.27,294257,3307509,1953,-124,,,-51,10,-24,-133,-100,-144,-119,-127,-197,-123,-92,-86,-104,-133,-93,-105,-92,-103,-103,-88,-75,-106,-165,-69,-121,-112,-106,-47,-111,-65,-111,13,13
Nagoya Ii,35.091,136.881,JPN,Asia,9.54,29241996,3307769,1980,-60,-56,23,-27,-45,-1,-49,-29,-66,-61,-81,-129,-101,-51,-31,-42,-57,-79,-61,8,-100,-147,-77,-79,-90,-77,-75,-60,-68,-123,-82,-61,-91,-44,16,16
Goteborg - Torshamnen,57.685,11.791,SWE,Europe,4.48,678429,3307548,1969,-16,-6,-24,29,84,83,-24,2,-28,9,11,-89,3,19,29,34,-3,8,4,38,14,8,63,51,-11,-61,58,38,-19,-10,63,3,63,,16,79
Kungsholmsfort,56.105,15.589,SWE,Europe,4.48,678429,3307541,1887,-16,-7,-23,38,101,100,-21,25,-30,-3,49,-120,-16,39,-1,24,7,-3,-32,35,11,-18,122,57,-21,-23,25,66,-29,-55,67,-1,101,,16,117
Wakayama,34.222,135.146,JPN,Asia,9.54,29241996,3307720,1958,-109,-58,-72,-93,-3,-82,-45,-11,-61,-10,-43,-77,-67,-35,-13,-100,-87,-31,-21,-5,-116,-46,-85,-92,-81,-38,-42,1,-69,-30,-54,-14,-73,-92,17,17
Crescent City,41.745,-124.182,USA,North-America,16.49,24431214,3307817,1933,-32,28,-1,-49,-25,-10,7,93,55,2,59,17,46,50,,,-45,-17,15,4,25,26,-57,-41,-19,6,-44,-15,-87,27,31,16,13,-14,18,18
Alesund,62.469,6.152,NOR,Europe,9.27,294257,3307504,1945,-14,31,-34,45,88,90,-15,25,-21,19,1,-75,-3,32,42,40,-2,37,20,33,23,29,41,57,27,-37,43,-9,-6,8,62,3,46,4,18,18
Katakolon,37.645,21.32,GRC,Europe,6.18,927234,3307571,1969,-19,-42,-21,4,,,,-95,-77,-15,-10,25,14,19,26,,,24,60,,64,47,,21,68,116,70,67,113,112,,,54,,19,73
Quinhon,13.767,109.25,VNM,Asia,1.84,50286178,3307697,1977,-19,,-23,57,64,70,72,15,-43,-55,-51,-14,-41,-41,28,23,25,-17,-9,-36,-41,-9,-24,23,28,29,47,55,73,,,,,,19,92
Bodo,67.288,14.391,NOR,Europe,9.27,294257,3307506,1950,-232,,-277,,-72,,-169,-134,-186,-180,-159,-256,-181,-166,-151,-190,-195,-177,-182,-174,-163,-184,-155,-184,-208,-281,-154,-218,-194,-230,-106,-216,-174,-212,20,20
Hanstholm,57.119,8.596,DNK,Europe,5.94,1492575,3307537,1953,-20,-17,-12,63,68,,,-8,-34,31,17,-107,8,71,61,36,25,27,56,77,40,45,106,117,64,-24,82,56,39,45,64,-4,64,,20,84
Tuapse,44.1,39.067,RUS,Europe,11.86,2907303,3307777,1917,-21,49,127,171,69,45,121,99,72,78,134,113,171,179,201,148,134,160,91,207,237,,104,99,148,298,166,123,255,226,183,173,92,,21,113
Matsuyama Ii,33.859,132.712,JPN,Asia,9.54,29241996,3307724,1964,-63,-26,-21,-39,1,-35,-9,4,-27,4,-51,-71,-47,-9,8,-37,2,30,,41,-31,16,-4,-21,-4,17,21,46,2,13,1,47,-6,-39,24,24
Stavanger,58.974,5.73,NOR,Europe,9.27,294257,3307496,1919,57,77,61,105,100,115,33,55,37,60,45,-4,47,93,95,100,66,106,81,93,70,88,95,116,84,38,104,73,59,102,108,79,113,81,24,24
"Toke Point, Willipa Bay, Wa",46.707,-123.967,USA,North-America,16.49,24431214,3307861,1979,,28,22,-22,-32,15,-1,73,57,54,97,54,145,115,32,8,8,6,69,51,57,65,-4,5,26,26,3,52,-62,,,66,50,25,25,25
Pelabuhan Kelang,3.05,101.358,MYS,Asia,8.03,6215003,3307605,1984,-27,-69,-100,-25,-38,-68,-96,-64,-53,-95,-21,-10,-138,-24,13,,19,-68,-34,-47,-25,,-43,-19,,65,-6,49,,,,,,,27,76
Oshoro Ii,43.209,140.858,JPN,Asia,9.54,29241996,3307722,1963,-1,31,43,12,18,28,37,27,26,33,32,11,22,-1,41,33,11,44,12,73,44,22,38,7,41,63,39,42,64,28,30,48,35,27,28,28
Danang,16.1,108.217,VNM,Asia,1.84,50286178,3307698,1978,-29,8,-29,5,9,15,-2,-20,-35,8,12,44,7,-11,64,57,97,55,43,24,22,66,33,70,99,59,87,80,121,,,,,,29,150
Split - Gradska Luka,43.507,16.442,HRV,Europe,3.97,115291,3307487,1955,-29,-4,-2,-20,-63,-65,-47,-57,-58,-19,-23,21,0,7,31,11,30,28,37,44,17,8,-7,41,74,118,29,22,80,97,,,,,29,109
Ceuta,35.892,-5.316,ESP,Europe,5.03,3556459,3307646,1945,52,35,70,,47,,,,37,,39,70,54,28,23,23,36,47,62,55,35,45,38,51,70,118,74,55,67,69,57,71,72,83,31,31
Tanjung Gelang,3.975,103.43,MYS,Asia,8.03,6215003,3307604,1984,-33,-26,-37,4,-10,-28,-19,-34,-29,-31,8,-2,,-1,35,28,30,3,16,2,,13,10,56,46,72,95,67,92,,35,63,,,33,96
Miyako Ii,39.643,141.975,JPN,Asia,9.54,29241996,3307742,1967,48,65,76,49,46,94,114,101,101,119,139,107,144,122,145,147,110,131,127,176,169,147,182,139,193,191,,,,,,160,120,81,33,33
Harstad,68.801,16.548,NOR,Europe,9.27,294257,3307508,1953,-138,-123,-164,,27,,-102,-70,-123,-103,-90,-162,-105,-96,-76,-107,-112,-92,-87,-86,-76,-87,-58,-94,-112,-177,-71,-121,-99,-132,-35,-112,-76,-104,34,34
Abashiri,44.019,144.286,JPN,Asia,9.54,29241996,3307737,1965,-68,-48,-58,-86,-93,-101,-64,-74,-56,-28,-2,-22,7,-33,-10,,-32,-6,-36,17,8,-30,-26,-42,-12,5,0,-21,13,17,4,16,-3,-34,34,34
Point Atkinson,49.333,-123.25,CAN,North-America,15.11,1300770,3307616,1915,-35,11,15,-32,-18,18,17,79,30,34,62,44,,68,42,4,-5,15,49,42,54,67,28,3,13,84,49,82,-12,89,101,105,88,,35,123
Malaga,36.713,-4.415,ESP,Europe,5.03,3556459,3307645,1944,-35,-52,-21,-23,12,-43,-65,-80,-65,-68,-31,-8,18,-5,-7,13,42,62,82,72,26,32,31,46,61,100,74,40,,,,,,,35,75
Hachinohe Ii,40.532,141.528,JPN,Asia,9.54,29241996,3307753,1971,-38,-23,-13,-40,-42,-1,21,6,2,4,66,34,66,44,75,88,33,58,31,,74,55,83,33,68,91,,,,,,,,,38,129
Uwajima Ii,33.227,132.551,JPN,Asia,9.54,29241996,3307749,1969,-74,-25,-40,-56,15,-53,-28,-2,-39,8,-41,-59,-24,2,16,-48,-14,4,9,7,-64,8,-27,,-21,-3,-7,25,-25,5,5,39,-1,-34,40,40
Stenungsund,58.093,11.833,SWE,Europe,4.48,678429,3307557,1966,-40,-22,-38,21,58,59,-60,,,-26,-27,-157,-50,-5,-1,4,-48,-41,-42,-42,-56,-52,6,-12,-77,-130,-4,-33,-88,-67,2,-63,-4,,40,36
Odomari,31.024,130.689,JPN,Asia,9.54,29241996,3307731,1966,,-3,-37,-33,46,-30,17,37,-12,46,-12,-22,3,43,46,-8,54,63,63,61,-2,68,30,34,61,77,93,120,70,96,68,122,76,41,41,41
Shirahama,33.684,135.375,JPN,Asia,9.54,29241996,3307743,1967,-125,-84,-90,-102,-36,-102,-70,-36,-82,,-42,-64,-67,-21,-8,-89,-77,-27,-11,-5,-105,-26,-60,-65,-57,-15,-18,25,-36,-4,-28,10,-54,-83,42,42
Ko Taphao Noi,7.833,98.433,THA,Asia,4.62,17309591,3307687,1940,-42,-120,-101,-57,-46,-88,-100,-73,-79,-113,-84,10,-166,-115,-34,-12,-17,-57,-10,,-91,-93,-40,-7,30,1,112,89,,,104,171,129,,42,171
Cordova,60.558,-145.752,USA,North-America,16.49,24431214,3307839,1965,154,220,290,286,178,207,227,297,234,,239,186,286,261,249,239,281,234,276,243,287,282,233,245,197,269,209,249,164,258,269,283,198,196,42,42
Tregde,58.006,7.555,NOR,Europe,9.27,294257,3307499,1928,-43,-29,-48,25,16,35,-40,-19,-23,,-3,-65,-17,23,23,32,-6,19,7,28,4,20,45,43,14,-18,16,3,-20,14,21,5,33,0,43,43
Bamfield,48.85,-125.133,CAN,North-America,15.11,1300770,3307629,1971,-43,36,27,-12,-9,6,0,62,28,18,61,23,86,75,14,-17,-26,-9,44,21,41,48,-12,-33,-29,47,-4,41,-69,49,52,64,45,,43,88
Patricia Bay,48.65,-123.45,CAN,North-America,15.11,1300770,3307626,1977,-44,32,41,-16,-16,24,21,85,42,36,65,29,97,90,27,0,-15,16,60,38,58,67,13,4,8,81,42,76,-14,88,101,103,86,,44,130
Springmaid Pier,33.655,-78.918,USA,North-America,16.49,24431214,3307863,1978,86,,88,57,,,,107,94,78,99,30,81,60,112,93,,68,45,37,103,59,86,63,113,,89,132,135,,188,,130,130,44,44
"Nawiliwili Bay, Kauai Island",21.953,-159.355,USA,North-America,16.49,24431214,3307842,1955,132,51,27,136,100,73,100,130,118,92,138,164,122,49,105,85,,94,147,138,,182,,150,94,96,127,126,147,163,150,196,231,176,44,44
Okada,34.789,139.391,JPN,Asia,9.54,29241996,3307726,1965,-15,13,98,75,40,74,21,28,-19,13,17,-41,-35,-10,34,34,16,-2,17,49,3,-59,8,0,0,10,25,57,39,-27,-21,25,17,30,45,45
Kungsvik,58.997,11.127,SWE,Europe,4.48,678429,3307558,1974,-46,-26,-53,12,55,43,-58,-34,-72,-53,-61,-164,-70,-29,-23,-14,-65,-61,-59,-28,-47,-49,0,-10,-70,-144,-12,-55,-98,-82,-27,-91,-35,,46,11
Misumi,32.623,130.451,JPN,Asia,9.54,29241996,3307714,1957,-46,-41,-15,-26,18,1,13,20,18,32,5,17,22,58,76,49,60,60,60,76,30,73,70,58,67,97,78,130,,,,,,,46,176
Kashiwazaki,37.357,138.508,JPN,Asia,9.54,29241996,3307711,1956,-35,-33,6,,-21,,,,,,,-14,8,15,50,45,36,43,35,72,42,24,63,57,76,123,51,73,77,28,15,43,39,11,46,46
Maloy,61.934,5.113,NOR,Europe,9.27,294257,3307503,1944,-32,-19,-44,13,51,71,-52,-7,-32,-8,-24,-89,-22,15,27,12,-20,23,2,18,5,18,27,49,23,-38,50,2,0,26,69,16,55,15,47,47
Bella Bella,52.167,-128.133,CAN,North-America,15.11,1300770,3307623,1962,-51,39,64,0,-24,1,-24,68,9,13,34,,114,57,15,-17,-3,-11,40,15,53,37,31,-8,-9,80,35,54,-54,55,60,59,36,,51,87
Busan,35.096,129.036,KOR,Asia,11.57,3970153,3307649,1961,-51,-34,-31,-24,-5,-31,9,5,-22,-13,-33,-33,-10,25,26,2,6,16,14,10,-6,17,15,9,37,51,42,53,5,48,47,78,50,,51,101
Hosojima,32.429,131.669,JPN,Asia,9.54,29241996,3307704,1930,-44,3,-24,-44,24,-44,0,6,-29,30,-21,-24,2,,42,-16,16,29,39,39,-30,30,14,10,31,34,41,73,26,43,35,83,41,7,51,51
Vigo,42.238,-8.731,ESP,Europe,5.03,3556459,3307641,1944,157,121,189,177,172,107,133,122,199,197,215,267,286,230,191,206,220,219,245,222,,,174,176,196,241,187,167,200,232,184,203,184,208,51,51
San Juan,18.458,-66.115,PRI,North-America,,555617,3307485,1963,47,35,29,,,4,56,56,36,75,25,23,47,79,,21,81,47,92,48,59,72,84,83,,91,66,128,84,123,155,125,86,99,52,52
Fernandina Beach,30.672,-81.465,USA,North-America,16.49,24431214,3307789,1898,175,188,169,,121,162,244,226,194,,,,,179,236,204,198,,183,166,244,169,227,187,212,177,167,230,237,287,301,284,248,227,52,52
Khalkis North,38.472,23.593,GRC,Europe,6.18,927234,3307568,1969,-54,-61,-40,-141,-134,-53,,-139,-131,-73,-90,-87,-101,-86,-69,-80,-32,-46,,-47,-13,-12,-38,,,,-26,-11,19,,-25,-19,-57,,54,-3
Hammerfest,70.665,23.683,NOR,Europe,9.27,294257,3307510,1957,-32,-35,-96,15,84,,-4,24,-26,8,8,-63,-19,-45,12,-14,-16,22,54,12,22,11,42,-7,-12,-68,20,-10,12,-28,68,10,33,27,59,59
Katsuura,35.129,140.249,JPN,Asia,9.54,29241996,3307746,1968,-9,7,24,55,15,36,80,70,35,38,59,28,59,,96,103,104,70,86,77,81,63,93,98,109,97,110,121,115,77,75,111,77,50,59,59
"Apra Harbour, Guam",13.438,144.653,GUM,Oceania,,10089,182111,1948,6,,-99,17,-6,-110,-105,-103,,17,-17,71,-101,,,117,89,29,35,,72,127,106,194,119,96,,165,166,76,-35,11,135,65,59,59
Antofagasta 2,-23.653,-70.404,CHL,South-America,4.69,214863,3307580,1946,-60,-54,-80,,-83,-72,-84,-11,,-59,-111,-123,-43,-105,,,,,11,-33,-103,-86,-108,,,-83,-58,-61,-91,-102,-90,-167,-111,,60,-51
Bergen,60.398,5.32,NOR,Europe,9.27,294257,3307497,1916,-48,-12,-3,,59,63,-33,10,-26,13,-4,-67,-8,30,35,41,-3,29,4,21,8,13,31,53,17,-30,40,10,-12,28,47,6,51,12,60,60
Kochi Iii,33.499,133.569,JPN,Asia,9.54,29241996,3307773,1984,-16,33,39,24,113,20,65,96,51,,,57,65,107,120,37,,,,193,,150,103,110,108,140,130,167,69,98,86,122,81,45,61,61
Kuchinotsu,32.605,130.195,JPN,Asia,9.54,29241996,3307760,1975,,,-35,-27,17,-34,-19,-6,-17,1,-30,-17,3,40,56,29,36,33,34,52,1,41,41,30,43,64,52,101,70,74,62,108,59,61,61,61
Tokyo Iii,35.649,139.77,JPN,Asia,9.54,29241996,3307772,1983,-69,-59,6,-8,-38,2,-5,-5,-39,-27,-18,-70,-38,-35,27,13,3,3,4,52,-5,-42,11,1,9,37,47,31,35,-14,-16,-3,-31,-7,62,62
Boucau,43.527,-1.515,FRA,Europe,4.57,2983590,3307685,1969,-62,-98,-54,-22,-94,-87,-146,-42,-104,-62,-41,-16,,,,3,3,-12,16,-22,,-65,-67,-32,15,12,,-32,40,87,15,21,,,62,83
Gladstone,-23.854,151.314,AUS,Oceania,15.4,2662710,3307591,1978,-63,-13,-8,49,60,46,92,52,0,40,30,15,33,71,91,,59,32,54,37,54,31,25,71,70,148,131,104,138,123,108,122,,,63,185
Kariya,33.473,129.849,JPN,Asia,9.54,29241996,3307755,1972,-63,,-58,-87,-44,-47,-45,-25,-54,-29,-51,-56,-37,,8,-13,-30,-1,-2,17,-31,-12,6,-14,1,28,-1,54,36,21,13,62,30,,63,93
Port Orford,42.738,-124.498,USA,North-America,16.49,24431214,3307870,1985,0,70,55,-4,-1,6,42,130,104,,,64,133,121,,,,,76,64,81,105,55,16,42,88,33,82,0,119,123,115,101,63,63,63
Brisbane (West Inner Bar),-27.367,153.167,AUS,Oceania,15.4,2662710,3307590,1966,-64,-114,-49,-15,-22,-22,-35,-35,-65,-62,-57,-61,-79,-30,6,-18,1,-28,-10,-22,-9,-38,-3,10,16,37,55,35,77,32,41,64,74,,64,138
Honolulu,21.307,-157.867,USA,North-America,16.49,24431214,3307793,1905,153,90,119,209,136,86,135,176,159,152,215,197,181,111,162,129,144,138,212,211,181,210,173,180,133,156,153,156,170,189,187,240,282,218,65,65
Murmansk,68.967,33.05,RUS,Europe,11.86,2907303,3307783,1952,-66,12,-68,-49,85,47,86,120,75,,,88,142,,164,174,154,172,189,165,197,205,174,40,21,-7,49,,44,6,92,58,71,,66,137
Marviken,58.554,16.837,SWE,Europe,4.48,678429,3307551,1965,-68,-54,-88,2,47,66,-74,-16,-86,-61,-17,-217,-82,-37,-73,-49,-91,-107,-127,-53,-80,-112,25,-36,-140,-157,-76,-44,-164,-174,-26,-128,-20,,68,48
Mukho,37.55,129.116,KOR,Asia,11.57,3970153,3307653,1965,-68,-37,-38,-47,-28,-32,-39,-15,-33,-26,-37,-44,-28,-14,-11,-13,-31,-14,-16,11,5,4,11,-1,,19,-4,23,18,19,23,72,10,,68,78
Izuhara Ii,34.198,129.292,JPN,Asia,9.54,29241996,3307775,1985,0,2,10,-19,9,29,6,37,-2,29,8,5,39,56,68,60,59,49,50,60,26,54,57,44,69,79,55,104,91,91,90,128,98,68,68,68
Simrishamn,55.558,14.358,SWE,Europe,4.48,678429,3307554,1983,-69,-57,-54,-14,45,29,-85,-33,-86,-61,-8,-158,-57,-13,-50,-29,-39,-36,-68,-11,-34,-60,74,5,-59,-44,-28,25,-70,-92,8,-40,50,,69,119
Kwajalein,8.732,167.735,MHL,Oceania,1.94,44211,54816,1947,17,13,-21,68,47,39,-39,-4,17,22,52,90,-45,55,96,112,92,14,89,86,105,103,165,122,,,138,176,137,90,-14,121,155,87,70,70
Mokuoloe Island,21.432,-157.79,USA,North-America,16.49,24431214,3307845,1958,33,-33,-11,75,14,-22,25,58,41,37,80,78,68,-3,23,-4,23,25,96,99,61,96,58,,17,47,42,41,51,70,67,128,167,104,71,71
Amderma,69.75,61.7,RUS,Europe,11.86,2907303,3307778,1950,-72,-27,4,11,86,76,100,,72,,,36,105,43,,83,121,157,200,144,226,198,244,213,160,55,138,111,215,,,,,,72,286
Thessaloniki,40.633,22.935,GRC,Europe,6.18,927234,3307563,1969,-74,-38,-17,-23,,-14,1,-26,-33,30,,59,34,68,107,50,55,68,68,66,72,75,53,,110,,,97,138,,,112,67,,74,141
"Bar Harbor, Frenchman Bay, Me",44.392,-68.205,USA,North-America,16.49,24431214,3307836,1948,75,75,89,67,29,,90,95,99,67,,118,123,,,,,84,92,83,129,129,96,111,134,198,169,156,148,139,113,159,169,150,75,75
Charleston Ii,43.345,-124.322,USA,North-America,16.49,24431214,3307856,1971,-28,,33,,-33,,,,73,32,91,58,104,94,3,15,-1,21,69,48,62,73,-1,8,24,82,26,65,-21,96,104,105,91,48,76,76
Oura,32.977,130.221,JPN,Asia,9.54,29241996,3307735,1965,26,40,66,51,85,70,80,85,79,88,69,78,108,146,161,127,136,129,126,142,92,139,121,101,122,163,143,199,147,139,128,192,96,102,76,76
Wake Island,19.29,166.617,MHL,Oceania,1.94,44211,54816,1951,125,46,125,144,24,88,94,59,126,135,117,142,168,142,172,206,125,162,123,176,129,96,,173,120,128,150,209,202,153,162,197,203,201,76,76
Preveza,38.959,20.757,GRC,Europe,6.18,927234,3307564,1969,-77,-53,-65,-95,,-210,-81,-99,-122,-15,-132,-102,-113,-107,-84,-126,,,,-55,-67,-50,-74,-72,-15,33,-25,-30,7,2,-25,-19,-64,,77,13
Sannikova (Sannikova Proliv),74.667,138.9,RUS,Europe,11.86,2907303,3307779,1950,-77,-71,22,-22,54,47,65,19,-35,55,-92,-90,96,-87,19,-160,-48,,41,44,74,9,70,,,,-26,83,76,,,,,,77,153
La Jolla (Scripps Pier),32.867,-117.257,USA,North-America,16.49,24431214,3307805,1925,109,127,146,107,121,167,158,204,174,125,137,129,234,174,100,122,119,126,149,171,165,151,122,149,161,145,155,190,173,229,271,184,176,186,77,77
Owase,34.076,136.207,JPN,Asia,9.54,29241996,3307739,1967,-86,-67,23,-14,-16,21,-24,-21,-41,-28,-33,-97,-79,-23,-13,-3,-13,-51,-36,33,-59,-109,-43,-42,-49,-50,-47,-18,-13,-77,-34,-8,-28,-8,78,78
Balboa,8.967,-79.567,PAN,North-America,2.25,306782,3307483,1908,117,159,,-27,105,143,197,182,195,167,166,184,280,185,170,136,129,199,276,243,316,235,157,225,165,151,165,136,166,179,209,149,180,195,78,78
Wajima,37.406,136.9,JPN,Asia,9.54,29241996,3307703,1930,-154,-147,-132,-159,-135,-127,-132,-109,-134,-111,-108,-130,-111,,-76,,-95,-76,-102,-64,-93,-107,-83,-109,-81,-44,-102,-57,-51,-93,-97,-49,-57,-75,79,79
Sembawang,1.467,103.833,SGP,Asia,10.31,1558272,3307513,1954,-172,-166,-137,-121,-107,-101,-140,,-170,-214,,,-176,-146,-105,-109,-105,-130,-116,-129,-154,-126,-128,-80,-100,-71,-45,-65,-44,-81,-118,-96,-60,-92,80,80
Alameda (Naval Air Station),37.772,-122.298,USA,North-America,16.49,24431214,3307828,1940,-46,18,-6,,-55,-48,-33,39,37,-47,54,,66,68,-62,-36,-42,-25,-3,4,16,39,-68,-32,-13,-6,2,-14,-36,40,63,32,80,34,80,80
Ullapool,57.895,-5.158,GBR,Europe,6.5,6662984,3307675,1983,-81,-56,,-6,37,37,-41,-9,36,,,9,-3,-14,-9,-12,-40,17,13,,-23,33,3,15,34,-32,41,-8,18,56,56,,,,81,137
Port San Luis,35.177,-120.76,USA,North-America,16.49,24431214,3307832,1946,36,50,63,24,23,32,50,119,96,51,58,,132,76,2,24,40,39,56,65,67,62,18,51,66,,47,60,54,126,159,97,114,118,82,82
Port Hardy,50.717,-127.483,CAN,North-America,15.11,1300770,3307625,1965,-83,-5,10,-43,-52,-47,-33,34,-5,-18,-3,,66,12,-37,-69,-60,-55,0,-24,3,-7,-26,-45,-50,25,-27,4,-97,13,7,15,-10,,83,73
Cherry Point,48.863,-122.757,USA,North-America,16.49,24431214,3307864,1985,0,76,73,22,18,57,62,124,74,,89,43,136,120,63,37,20,45,89,79,89,87,21,17,31,98,53,91,1,99,110,116,102,83,83,83
Astoria (Tongue Point),46.207,-123.768,USA,North-America,16.49,24431214,3307806,1925,-105,-31,-57,-100,-98,-41,-49,-31,-34,-53,22,34,106,33,-11,-70,-117,-64,-25,-44,-43,6,-74,-64,-54,-7,0,42,-94,31,12,32,42,-21,84,84
Honngu,18.8,105.767,VNM,Asia,1.84,50286178,3307696,1962,-84,7,,,,-42,21,46,15,-25,-40,-125,-182,-169,-162,-250,-244,-304,-222,-257,-279,-223,-232,-262,-204,-218,-238,-238,-211,,,,,,84,-127
Monterey,36.605,-121.887,USA,North-America,16.49,24431214,3307859,1974,20,50,64,6,12,32,47,114,83,35,58,27,99,73,-11,19,27,41,53,59,73,69,15,44,56,55,45,53,42,125,153,97,108,104,84,84
Key West,24.555,-81.807,USA,North-America,16.49,24431214,3307798,1913,141,176,151,132,108,127,196,179,172,173,186,117,160,155,208,188,149,183,159,165,192,175,208,211,203,197,192,237,247,255,284,271,267,226,85,85
Eastport,44.903,-66.982,USA,North-America,16.49,24431214,3307811,1930,149,150,154,138,115,,159,148,151,,156,,196,189,,160,160,155,171,161,205,205,173,178,218,283,261,235,231,219,192,229,241,234,85,85
Akune,32.018,130.191,JPN,Asia,9.54,29241996,3307752,1971,-33,-38,-21,-34,7,-16,3,2,-14,9,-29,-14,-13,30,42,20,30,28,26,39,-10,29,23,11,24,48,30,85,53,63,51,91,53,54,87,87
"Port Angeles, Washington",48.125,-123.44,USA,North-America,16.49,24431214,3307872,1976,-45,24,33,-18,-20,13,-4,80,59,34,54,31,111,83,25,-12,-18,-11,37,16,35,52,-12,-18,-5,85,16,58,-47,72,78,89,71,45,90,90
Nase Iii,28.5,129.5,JPN,Asia,9.54,29241996,3307770,1981,-21,-28,-39,29,-24,1,24,-2,-4,-36,-21,16,55,78,17,7,64,24,34,34,49,81,15,56,58,29,14,63,2,29,53,71,78,69,90,90
Fort Myers,26.647,-81.87,USA,North-America,16.49,24431214,3307849,1966,60,,41,6,7,17,58,38,37,45,,,,80,98,66,32,85,98,86,130,78,71,88,116,,,153,149,152,173,200,182,150,90,90
Incheon,37.452,126.592,KOR,Asia,11.57,3970153,3307650,1960,-91,-99,-176,-67,-51,-49,,-71,-69,7,,-57,,27,,-31,-26,-23,-18,-4,-49,-10,4,-30,,-3,-11,29,18,21,11,40,6,,91,97
Spikarna,62.363,17.531,SWE,Europe,4.48,678429,3307547,1969,-91,-58,-112,-47,31,22,-125,-78,-160,-125,-83,-299,-173,-103,-144,-120,-176,-190,-206,-139,-158,-198,-55,-137,-255,-310,-175,-163,-304,-319,-148,-288,-171,,91,-80
Deschaillons,46.567,-72.1,CAN,North-America,15.11,1300770,3307617,1960,-92,65,-172,-254,-339,-90,-159,-179,15,-120,-224,90,85,-36,-363,-237,-444,-289,-353,-166,-184,1,-323,-7,-71,-286,-10,-356,-167,-63,-270,-101,240,,92,332
Wakkanai,45.408,141.685,JPN,Asia,9.54,29241996,3307736,1975,37,59,84,46,62,78,92,66,81,91,90,58,77,73,126,110,96,130,100,160,121,108,119,99,128,153,136,128,160,137,128,154,145,129,92,92
Portland (Maine),43.657,-70.247,USA,North-America,16.49,24431214,3307797,1912,108,108,133,103,78,,138,124,125,92,121,168,155,169,117,121,118,105,127,141,196,171,116,136,190,264,217,212,193,186,129,168,200,200,92,92
Point Reyes,37.995,-122.977,USA,North-America,16.49,24431214,3307862,1975,58,94,95,25,36,52,85,,128,73,116,84,143,128,34,69,70,96,104,116,131,133,52,83,95,106,105,116,93,181,203,149,168,151,93,93
Fukue,32.696,128.849,JPN,Asia,9.54,29241996,3307734,1965,-24,-10,-1,,,7,31,,2,29,14,17,26,63,73,47,59,58,58,73,,56,51,35,55,76,59,101,76,74,68,116,77,71,95,95
New Westminster,49.2,-122.917,CAN,North-America,15.11,1300770,3307631,1970,-96,8,-50,-71,-81,37,,,-86,-45,0,,184,-22,99,-38,-79,26,-3,2,51,15,71,-3,-32,23,95,123,-28,86,71,80,68,,96,164
Tan-Nowa,34.339,135.178,JPN,Asia,9.54,29241996,3307721,1958,-63,-14,-18,-45,26,-33,4,32,-8,,,-7,5,53,71,-7,7,61,73,89,4,62,25,9,30,78,78,114,53,85,72,109,58,33,96,96
Trieste,45.647,13.758,ITA,Europe,5.27,5304525,3307666,1875,212,220,243,237,180,172,183,181,179,218,215,253,238,239,251,253,272,268,222,260,237,245,239,257,304,371,263,258,321,352,265,288,240,310,98,98
Queen Charlotte City,53.25,-132.067,CAN,North-America,15.11,1300770,3307622,1966,-99,-40,-15,-61,-78,-50,-59,24,-13,-32,-41,,18,10,-50,-58,-52,-48,10,-19,5,-4,-31,-54,-66,11,-50,-14,-71,30,48,53,30,,99,129
St. Petersburg,27.76,-82.627,USA,North-America,16.49,24431214,3307834,1947,92,96,92,65,87,90,105,84,86,90,123,68,100,104,124,103,67,103,134,116,136,113,126,125,154,137,131,201,170,184,205,211,190,191,99,99
La Coruna I,43.369,-8.398,ESP,Europe,5.03,3556459,3307642,1944,146,109,187,218,148,152,,96,147,,217,245,246,181,157,177,177,,182,,151,189,187,200,232,268,219,214,247,272,220,248,220,245,99,99
Barentsburg,78.067,14.25,SJM,Europe,,316,2338,1949,-100,-92,,-90,-18,-18,-47,,,,-146,-242,-216,,,-253,,-104,-93,-93,,-107,-113,-142,-105,-140,-88,,-135,-160,-119,-156,-172,,100,-72
Komatsushima,34.009,134.588,JPN,Asia,9.54,29241996,3307713,1958,-37,13,5,-9,80,4,40,73,29,80,43,32,53,96,110,32,47,101,115,135,26,97,57,41,54,99,108,138,81,121,96,141,88,64,101,101
"Sand Point, Popof Is., Ak",55.337,-160.502,USA,North-America,16.49,24431214,3307865,1985,0,84,114,116,-13,0,53,67,58,47,94,-3,100,98,21,56,83,73,127,105,,79,53,64,57,110,54,72,29,154,161,229,71,102,102,102
Zhapo,21.583,111.817,CHN,Asia,7.54,163381088,3307879,1959,1,22,-26,12,40,7,3,15,-8,43,21,38,49,22,93,84,114,45,56,20,24,60,20,72,64,42,73,143,97,70,51,129,141,103,102,102
Los Angeles,33.72,-118.272,USA,North-America,16.49,24431214,3307803,1924,53,74,89,28,37,70,81,149,135,101,94,74,169,113,,62,76,79,94,109,103,102,67,107,117,95,89,109,104,171,210,143,144,155,102,102
San Francisco,37.807,-122.465,USA,North-America,16.49,24431214,3307787,1855,71,135,111,64,74,90,90,173,164,85,166,121,181,185,75,96,98,113,124,129,150,177,65,103,125,135,132,,107,189,216,174,204,173,102,102
Oskarshamn,57.275,16.478,SWE,Europe,4.48,678429,3307553,1961,-103,-91,-118,-61,16,20,-119,-72,-131,-109,-62,-248,-121,-65,-110,-101,-108,-103,-123,-61,-92,-126,22,-36,-126,-140,-80,-40,-148,-174,-32,-114,-7,,103,96
Oita Ii,33.266,131.687,JPN,Asia,9.54,29241996,3307754,1972,-129,-64,-67,-96,-28,-100,-53,-41,-64,-6,-64,-76,-34,7,19,-45,-22,1,4,21,-51,1,-22,-35,-18,12,16,42,2,23,12,60,8,-25,104,104
Friday Harbor (Ocean. Labs.),48.547,-123.01,USA,North-America,16.49,24431214,3307818,1934,-29,39,45,-13,-18,15,17,83,45,35,71,41,111,94,34,8,-2,19,62,49,65,75,20,14,29,98,49,91,2,105,113,123,108,75,104,104
Sultan Shoal,1.233,103.65,SGP,Asia,10.31,1558272,3307514,1972,69,104,52,127,148,94,82,123,113,93,145,,67,135,175,172,,118,141,130,120,110,136,,,211,208,212,233,188,150,197,209,174,105,105
Port Townsend,48.112,-122.757,USA,North-America,16.49,24431214,3307858,1972,-75,-3,4,-48,-57,,-23,49,20,3,43,16,87,66,-2,-23,-23,-11,34,19,33,45,-20,-14,3,68,25,70,-26,82,80,88,72,31,106,106
Sasebo Ii,33.158,129.724,JPN,Asia,9.54,29241996,3307740,1967,-34,-30,-11,-37,7,-19,-7,-1,-20,7,-24,-21,-2,39,62,31,44,36,31,48,4,41,42,29,55,78,51,105,80,79,62,110,77,72,106,106
Visby,57.639,18.284,SWE,Europe,4.48,678429,3307552,1916,-107,-91,-114,-51,32,20,-108,-48,-134,-97,-52,-243,-109,-66,-90,-75,-98,-122,-122,-75,-95,-124,1,-55,-152,-178,-93,-54,-149,-182,-30,-121,-33,,107,74
Okinawa,26.179,127.824,JPN,Asia,9.54,29241996,3307762,1976,-44,-55,-31,25,-25,32,12,-8,-8,-61,-34,-13,2,,5,-8,57,-12,3,31,31,43,21,14,33,26,-4,55,-5,14,16,57,38,63,107,107
Kanmen,28.083,121.283,CHN,Asia,7.54,163381088,3307880,1959,-2,-4,11,11,61,33,53,37,15,34,-20,6,16,45,,,64,35,29,52,41,46,47,42,61,91,68,143,88,162,116,162,111,105,107,107
Santa Monica (Municipal Pier),34.008,-118.5,USA,North-America,16.49,24431214,3307816,1933,124,170,185,121,124,113,144,265,186,171,186,167,255,199,,147,149,152,175,196,191,186,151,188,200,172,162,198,189,252,295,228,233,231,107,107
Dalian,38.867,121.683,CHN,Asia,7.54,163381088,3307878,1954,-66,-55,-36,-59,-58,-42,-27,-24,-73,-25,-57,-44,-53,-15,-45,-13,12,12,9,0,3,27,16,-5,1,9,2,53,39,55,38,66,31,42,108,108
"Panama City, St.Andrews Bay, Fl",30.152,-85.667,USA,North-America,16.49,24431214,3307871,1985,0,4,-21,-44,-41,2,22,11,-14,16,12,-23,,,23,-2,-23,9,53,8,49,-2,12,31,71,47,24,,93,74,98,147,109,109,109,109
Nagasaki,32.735,129.866,JPN,Asia,9.54,29241996,3307733,1965,14,8,33,31,62,39,48,54,37,56,28,36,40,86,102,72,82,80,79,90,45,91,89,82,97,123,103,155,126,138,116,171,123,123,109,109
Campbell River,50.017,-125.233,CAN,North-America,15.11,1300770,3307635,1967,-111,-33,-41,-90,-101,-66,-71,-19,-73,-85,,,24,-25,-89,-115,-127,-118,-74,-85,-66,-55,-85,-96,-94,-12,-53,-58,-170,-77,-70,-60,-86,,111,25
Fort Pulaski,32.033,-80.902,USA,North-America,16.49,24431214,3307820,1935,157,183,153,121,116,139,205,186,182,162,253,154,215,192,247,,190,204,178,166,251,186,233,199,236,207,215,248,276,,320,325,278,268,111,111
Saigo,36.201,133.331,JPN,Asia,9.54,29241996,3307729,1965,-4,-16,33,-11,18,41,24,29,0,24,19,2,16,45,62,52,56,72,53,90,39,47,68,54,68,91,76,118,127,97,93,137,132,108,112,112
Kigiliah,73.333,139.867,RUS,Europe,11.86,2907303,3307782,1951,-113,-97,-64,-44,40,28,-8,23,-53,14,-101,-24,-35,-96,,-130,-54,-104,35,-36,3,21,17,-52,-32,-91,-54,27,-91,,,,,,113,22
Vardo,70.375,31.104,NOR,Europe,9.27,294257,3307505,1984,-89,-86,-69,14,-5,,-34,2,-49,-30,-13,-71,-24,-94,-34,-32,,-21,9,-18,-13,-10,16,-33,-49,-91,-22,-50,-29,-69,23,-25,-9,24,113,113
Toyama,36.762,137.225,JPN,Asia,9.54,29241996,3307763,1975,-3,-6,11,-17,12,24,22,37,20,44,37,15,37,50,87,77,74,97,89,117,89,84,100,74,97,141,86,132,133,105,98,135,115,110,113,113
Newport,41.505,-71.327,USA,North-America,16.49,24431214,3307812,1931,161,155,178,135,117,126,171,173,187,138,171,220,216,240,199,183,196,180,190,194,251,236,190,217,248,304,277,268,246,246,213,263,278,274,113,113
Choshi-Gyoko,35.744,140.858,JPN,Asia,9.54,29241996,3307771,1982,-19,3,4,15,-16,-14,28,20,19,10,30,0,45,36,67,56,43,41,18,42,43,37,60,43,53,65,110,123,120,114,121,149,,96,115,115
Cadiz Iii,36.54,-6.286,ESP,Europe,5.03,3556459,3307647,1961,55,76,179,140,137,142,74,,116,152,192,205,198,170,48,120,122,,153,153,145,,170,81,166,227,195,140,170,178,159,174,177,171,116,116
South Beach,44.625,-124.042,USA,North-America,16.49,24431214,3307855,1967,-48,23,17,-33,-26,2,-18,61,67,30,81,54,117,97,18,16,-7,15,70,56,63,77,1,18,37,95,44,98,-9,117,128,131,120,69,117,117
Reykjavik,64.151,-21.94,ISL,Europe,6.06,36207,324366,1957,62,121,130,104,139,169,104,36,34,62,4,51,89,79,73,66,67,112,144,130,58,120,128,115,111,69,147,79,117,157,131,115,155,179,117,117
Boston,42.353,-71.053,USA,North-America,16.49,24431214,3307802,1921,162,141,159,127,114,122,168,162,174,,165,221,209,228,178,179,175,174,196,197,256,239,204,224,,322,284,266,257,259,229,267,272,280,118,118
San Diego (Quarantine Station),32.713,-117.173,USA,North-America,16.49,24431214,3307794,1906,152,165,180,123,133,175,182,238,216,178,178,157,265,193,,140,146,158,185,197,191,201,159,191,210,196,196,220,216,287,327,263,272,272,120,120
Tromso,69.647,18.961,NOR,Europe,9.27,294257,3307507,1953,-188,,-91,,75,17,-64,-30,-93,-69,-45,-120,-73,-82,-35,-70,-82,-63,-52,-56,-44,-61,-26,-76,-73,-104,-48,-92,-68,-107,-9,-82,-50,-66,122,122
Tajiri,35.594,134.316,JPN,Asia,9.54,29241996,3307741,1966,65,55,71,42,72,84,77,88,59,91,88,62,86,96,138,108,104,114,107,138,103,98,125,107,127,166,133,186,188,166,165,213,208,187,122,122
Charleston I,32.782,-79.925,USA,North-America,16.49,24431214,3307801,1922,199,209,191,156,158,180,245,234,228,217,290,185,244,215,285,255,220,236,217,199,270,225,256,232,271,246,246,289,289,347,358,360,323,321,122,122
"Port Chicago, California",38.055,-122.04,USA,North-America,16.49,24431214,3307875,,74,169,114,49,69,67,84,156,174,91,216,147,201,242,92,115,98,120,141,171,193,241,97,131,145,168,185,154,119,187,,185,285,197,123,123
Awa Sima,38.468,139.255,JPN,Asia,9.54,29241996,3307727,1968,77,88,108,72,104,126,120,128,125,151,164,139,173,175,203,203,195,210,198,238,196,193,220,186,217,254,195,237,231,200,188,237,217,200,123,123
"Hilo, Hawaii Island",19.73,-155.055,USA,North-America,16.49,24431214,3307809,1927,190,155,217,237,198,158,194,251,255,190,231,256,245,189,206,149,228,227,266,309,264,258,251,246,200,,230,201,,261,275,318,364,313,123,123
Pensacola,30.403,-87.21,USA,North-America,16.49,24431214,3307804,1924,206,205,174,139,145,189,208,201,180,198,214,189,,240,234,191,193,211,266,,266,192,213,240,279,258,222,,,280,298,366,346,330,124,124
Hakata,33.619,130.408,JPN,Asia,9.54,29241996,3307728,1966,-23,-4,12,-10,19,12,20,22,-6,19,11,0,16,51,70,44,56,59,57,78,38,63,72,51,70,99,71,123,113,95,86,144,112,103,126,126
Apalachicola,29.727,-84.982,USA,North-America,16.49,24431214,3307854,1968,91,99,87,46,46,106,119,,101,135,120,72,89,153,115,90,76,97,150,106,174,90,91,,174,157,113,187,188,162,197,245,205,217,126,126
Nisinoomote,30.735,130.992,JPN,Asia,9.54,29241996,3307730,1966,-22,-12,21,19,35,19,52,27,-8,29,9,25,28,64,84,77,82,52,84,74,50,64,69,63,81,95,46,116,100,91,86,122,102,106,128,128
Olands Norra Udde,57.366,17.097,SWE,Europe,4.48,678429,3307540,1887,-129,-115,-146,-84,-7,-4,-143,-93,-152,-128,-76,-224,-133,-81,-119,-98,-122,-140,-156,-90,-116,-151,-10,-71,-178,-184,-119,-77,-187,-217,-66,-151,-42,,129,87
Woods Hole (Ocean. Inst.),41.523,-70.672,USA,North-America,16.49,24431214,3307815,1933,126,127,153,119,83,80,99,132,140,,112,184,,206,,148,167,153,156,158,220,202,168,,222,276,247,240,222,221,193,238,255,255,129,129
Kure Iv,34.241,132.55,JPN,Asia,9.54,29241996,3307747,1968,16,57,71,,131,87,106,,87,121,64,53,84,121,148,81,132,170,170,188,113,167,140,127,153,182,182,215,168,183,174,228,174,146,130,130
Naples,26.132,-81.807,USA,North-America,16.49,24431214,3307850,1966,29,37,,,6,23,55,45,53,,,46,70,61,102,,44,70,85,72,98,75,90,92,114,,88,152,136,150,171,164,167,159,130,130
Aburatsu,31.577,131.409,JPN,Asia,9.54,29241996,3307718,1960,-65,-13,-29,-34,31,-18,20,35,-2,52,1,10,26,54,76,25,67,80,72,72,9,71,42,47,62,76,87,125,71,94,85,135,92,66,131,131
Midway Island,28.212,-177.36,UMI,North-America,,,,1947,,50,42,11,27,39,59,51,2,46,73,43,-27,87,69,114,97,113,103,106,,81,73,123,135,127,52,173,134,146,102,111,141,131,131,131
"Beaufort, North Carolina",34.72,-76.67,USA,North-America,16.49,24431214,3307873,1973,4,17,1,-35,-29,-21,27,42,33,0,42,15,51,50,67,38,8,27,22,8,82,40,40,38,82,72,69,105,77,137,119,161,123,135,131,131
Bridgeport,41.173,-73.182,USA,North-America,16.49,24431214,3307847,1965,69,84,97,44,41,47,97,106,,,88,150,137,167,116,99,111,99,112,114,173,155,89,112,150,219,,194,161,166,,,189,201,132,132
Izvestia Tsik (Izvestia Tsik Ostrova),75.95,82.95,RUS,Europe,11.86,2907303,3307784,1954,-133,-97,-83,-24,34,-26,-59,-13,-57,-153,-109,-128,-80,-139,-120,-65,-87,-104,-47,-112,-66,-100,-45,-76,-140,,-106,-131,-114,,,,,,133,19
Nantucket Island,41.285,-70.097,USA,North-America,16.49,24431214,3307851,1965,72,70,96,58,35,39,93,95,,,83,126,132,142,101,,108,98,105,110,161,146,118,140,179,236,195,191,185,181,156,201,213,208,136,136
Naha,26.213,127.665,JPN,Asia,9.54,29241996,3307744,1967,29,18,46,98,38,95,99,78,79,14,58,80,107,137,89,88,143,75,87,116,116,136,118,113,132,121,100,152,96,107,113,154,137,166,137,137
Tosa Shimizu,32.779,132.959,JPN,Asia,9.54,29241996,3307719,1958,-79,-35,-45,-68,2,-69,-24,5,-36,20,-6,-15,1,29,58,0,27,64,71,76,-20,65,36,47,43,67,63,87,43,80,75,119,77,59,138,138
Maizuru Ii,35.477,135.387,JPN,Asia,9.54,29241996,3307761,1975,-13,-12,4,-20,,28,30,36,6,35,35,17,40,57,77,64,72,82,74,105,72,73,88,72,94,127,95,145,155,119,110,160,146,125,138,138
"Kahului Harbor, Maui Island",20.895,-156.477,USA,North-America,16.49,24431214,3307835,1951,,10,70,140,,14,55,114,99,74,132,133,109,52,71,44,84,73,150,155,126,138,108,106,59,89,99,74,95,129,138,173,218,140,140,140
Hamina,60.563,27.179,FIN,Europe,8.66,260454,3307525,1929,-141,-105,-152,-61,46,27,-107,-38,-142,-118,-69,-297,-110,-65,-101,-38,-128,-154,-159,-68,-78,-139,27,-29,-173,-237,-57,-56,-171,-224,1,-146,-22,,141,119
Seattle,47.602,-122.338,USA,North-America,16.49,24431214,3307790,1899,119,187,189,140,134,170,166,230,199,184,221,199,267,253,194,172,160,186,226,207,217,244,182,170,176,245,205,242,153,264,279,289,291,260,141,141
Alexandroupolis,40.844,25.878,GRC,Europe,6.18,927234,3307569,1969,-142,-48,-26,-25,,-96,-51,-40,-19,-65,-47,-21,,-3,2,-26,-14,4,,45,35,0,-12,-18,32,124,-16,25,63,29,,-2,-36,,142,106
Soudhas,35.487,24.082,GRC,Europe,6.18,927234,3307565,1969,-149,-106,-94,-132,-147,-183,-176,-204,-181,-141,-212,,-141,-142,-107,-127,-112,-102,-105,-89,-105,-85,-116,-112,-81,-25,-54,,,,,,,,149,95
Sakai,35.548,133.243,JPN,Asia,9.54,29241996,3307715,1958,-16,-14,,-39,-6,5,12,24,-1,31,27,7,46,59,81,68,72,83,77,103,47,76,87,68,91,126,101,153,147,113,111,163,149,133,149,149
Tarifa,36.009,-5.603,ESP,Europe,5.03,3556459,3307644,1944,-52,-71,-11,-33,,,,,,-34,-4,26,41,27,14,-7,36,42,69,66,53,55,53,58,71,121,90,59,77,75,70,85,91,98,150,150
Siros,37.44,24.946,GRC,Europe,6.18,927234,3307567,1969,-154,-134,-128,-132,,-158,-207,,-292,-246,,-212,-239,-209,-140,,,-173,-194,-211,-207,-194,,-207,-196,-115,-206,-179,,,,-156,-209,,154,-55
Kiptopeke Beach,37.165,-75.988,USA,North-America,16.49,24431214,3307841,1952,99,107,142,63,82,55,115,132,153,105,134,188,180,,168,130,134,118,166,156,215,182,140,166,219,226,214,211,195,225,203,238,243,254,155,155
Uchiura,35.017,138.89,JPN,Asia,9.54,29241996,3307706,1944,-96,-82,3,-38,-62,-5,-39,-19,-51,-30,-35,-78,-55,-27,13,0,-17,-4,3,,-12,-70,-6,-10,-3,26,36,59,59,-9,16,42,32,60,156,156
Sumoto,34.341,134.907,JPN,Asia,9.54,29241996,3307732,1965,22,61,67,54,141,82,103,131,100,161,135,,115,163,185,102,120,194,206,,126,194,153,149,159,179,171,193,152,196,189,234,185,179,157,157
Baltimore,39.267,-76.578,USA,North-America,16.49,24431214,3307792,1903,196,191,213,175,168,,221,232,256,210,219,291,268,309,244,209,232,216,257,257,305,278,238,271,308,315,355,329,300,311,289,315,336,353,157,157
New London,41.36,-72.09,USA,North-America,16.49,24431214,3307826,1939,95,95,122,87,74,82,123,128,142,,124,193,182,210,161,139,152,139,157,154,218,200,166,191,224,267,252,227,199,208,166,221,242,255,160,160
Tokuyama Ii,34.041,131.803,JPN,Asia,9.54,29241996,3307748,1968,-21,40,51,23,92,34,55,82,53,105,45,32,59,109,129,61,86,115,122,148,81,139,115,106,121,152,155,193,154,167,165,219,168,140,161,161
"Bergen Point, Staten Is.",40.637,-74.142,USA,North-America,16.49,24431214,3307868,1985,0,13,37,-19,-13,-18,,,,,30,107,,118,80,56,49,28,67,74,132,115,88,99,166,,178,152,122,,75,124,142,161,161,161
Hamada Ii,34.897,132.066,JPN,Asia,9.54,29241996,3307774,1985,0,4,31,3,48,49,47,58,35,68,65,51,75,93,114,98,99,113,105,129,96,108,128,107,125,157,130,180,172,146,143,199,185,165,165,165
New York (The Battery),40.7,-74.013,USA,North-America,16.49,24431214,3307788,1856,315,335,360,305,303,313,351,,379,,354,432,435,430,378,387,,349,385,382,445,421,367,424,451,487,484,458,426,446,415,434,452,480,165,165
Montauk,41.048,-71.96,USA,North-America,16.49,24431214,3307833,1948,70,69,90,49,37,38,,96,,,109,157,149,170,126,,,109,128,,,,142,165,202,,224,217,197,192,163,207,,238,168,168
Aburatsubo,35.16,139.615,JPN,Asia,9.54,29241996,3307701,1930,146,163,213,211,193,228,236,239,212,230,242,206,228,235,285,286,261,286,291,324,288,258,304,309,319,336,340,349,346,300,305,334,316,317,171,171
Yokosuka,35.288,139.651,JPN,Asia,9.54,29241996,3307710,1957,83,96,150,141,125,174,174,182,154,169,179,135,169,192,232,234,230,221,231,270,223,195,245,246,255,278,285,290,286,239,250,274,253,255,172,172
Solomon'S Island (Biol. Lab.),38.317,-76.452,USA,North-America,16.49,24431214,3307823,1938,163,170,193,143,153,153,175,,213,163,179,247,233,274,218,188,200,183,233,237,289,258,230,251,290,303,326,303,,,,298,310,335,172,172
Uno,34.489,133.949,JPN,Asia,9.54,29241996,3307716,1958,62,131,,129,198,140,,,165,,164,145,177,220,237,161,173,219,235,261,163,227,194,180,200,246,252,296,254,269,262,314,253,237,175,175
Wilmington,34.227,-77.953,USA,North-America,16.49,24431214,3307821,1936,72,62,71,25,65,61,109,102,110,78,156,112,105,140,165,,73,85,127,68,119,107,82,92,139,124,97,142,145,215,221,255,184,248,176,176
Cambridge Ii,38.573,-76.068,USA,North-America,16.49,24431214,3307857,1971,-12,-11,18,-28,-21,-13,21,29,51,6,28,86,,118,71,51,53,19,63,63,117,92,57,84,118,147,155,146,116,125,100,132,144,165,177,177
Lewes (Breakwater Harbor),38.782,-75.12,USA,North-America,16.49,24431214,3307799,1919,142,153,198,123,130,116,171,185,198,,171,232,215,263,217,187,197,181,223,218,278,250,203,235,292,306,303,290,263,283,256,294,301,321,179,179
Sandy Hook,40.467,-74.008,USA,North-America,16.49,24431214,3307814,1933,187,205,226,177,174,167,201,218,256,,222,,267,308,245,243,252,236,269,269,335,309,259,,340,376,365,,327,341,301,334,351,367,180,180
Nakano Sima,29.842,129.848,JPN,Asia,9.54,29241996,3307738,1984,-54,4,25,21,19,13,38,33,6,51,27,52,48,70,97,91,103,68,65,64,93,83,115,112,101,107,77,130,96,90,109,133,134,128,182,182
Duck Pier Outside,36.183,-75.747,USA,North-America,16.49,24431214,3307867,1985,0,,70,-31,1,-13,70,57,68,7,37,77,96,129,,40,75,60,92,82,144,103,72,92,160,175,131,,128,153,121,167,163,182,182,182
Chichijima,27.083,142.183,JPN,Asia,9.54,29241996,3307765,1976,-49,26,69,47,68,119,65,50,109,117,76,57,92,156,103,181,131,95,155,96,138,125,117,80,143,129,180,100,48,97,116,151,160,134,183,183
Annapolis (Naval Academy),38.983,-76.48,USA,North-America,16.49,24431214,3307810,1929,221,231,253,207,205,214,246,261,270,229,249,333,303,331,,,,254,298,304,350,319,253,298,333,343,392,375,350,368,345,371,388,407,186,186
Cape May,38.968,-74.96,USA,North-America,16.49,24431214,3307852,1966,60,64,102,35,48,33,86,112,127,71,108,166,157,180,140,123,129,118,143,149,206,187,143,174,229,250,227,227,199,214,186,223,233,247,187,187
Kushimoto,33.476,135.773,JPN,Asia,9.54,29241996,3307705,1958,-48,8,-2,-2,80,-14,41,77,38,91,72,50,58,104,119,50,69,135,145,145,70,158,138,129,147,179,174,215,165,191,173,222,175,144,192,192
Kushiro,42.976,144.371,JPN,Asia,9.54,29241996,3307707,1947,335,356,354,345,349,351,386,390,445,462,497,482,506,484,511,536,511,539,517,546,561,533,531,514,535,551,537,534,562,571,559,570,562,528,193,193
Smogen,58.354,11.218,SWE,Europe,4.48,678429,3307544,1911,-194,-150,-165,-110,-83,-162,-325,-152,-174,-120,-147,-267,-181,-150,-154,-139,-167,-158,-162,-138,-167,-159,-108,-127,-177,-238,-132,-160,-207,-187,-150,-190,-135,,194,59
Uragami,33.558,135.896,JPN,Asia,9.54,29241996,3307725,1965,,24,80,65,48,75,33,71,38,51,51,7,20,77,98,110,105,72,93,157,90,37,114,121,121,123,124,166,172,111,162,192,174,196,196,196
Kalix,65.697,23.096,SWE,Europe,4.48,678429,3307549,1975,-205,-144,-215,-113,8,-70,-173,-117,-188,-184,-155,,-235,-175,-205,-160,-258,-288,-291,-197,-197,-265,-124,-218,-329,-410,-215,-234,-365,-373,-174,-353,-237,,205,-32
Tofino,49.15,-125.917,CAN,North-America,15.11,1300770,3307611,1910,-208,-123,,,-190,-172,-176,-102,-147,-181,,-134,-63,-94,-159,-183,-200,-183,-131,-154,-139,-131,-180,-199,-167,-105,-165,-125,-233,-117,-115,-100,-120,,208,88
"Sewells Point, Hampton Roads",36.947,-76.33,USA,North-America,16.49,24431214,3307808,1928,285,291,322,248,272,260,322,345,338,284,319,396,392,444,386,352,347,321,393,393,452,410,374,391,459,471,455,461,438,465,435,475,470,497,212,212
Dauphin Island,30.25,-88.075,USA,North-America,16.49,24431214,3307853,1971,,,,12,29,76,90,73,58,88,108,,,,,,,96,151,104,,72,76,107,160,125,115,179,181,146,175,245,223,215,215,215
"N. Spit, Humboldt Bay",40.767,-124.217,USA,North-America,16.49,24431214,3307869,1985,0,69,66,6,22,35,45,142,138,83,131,105,159,159,61,98,91,113,147,143,161,160,89,109,137,184,145,174,126,242,256,231,241,218,218,218
"Galveston Ii, Pier 21, Tx",29.31,-94.793,USA,North-America,16.49,24431214,3307795,1909,459,473,435,405,452,513,551,515,502,516,546,469,514,561,527,494,531,572,545,559,550,481,581,547,597,595,544,609,616,597,675,757,719,682,223,223
Washington Dc,38.873,-77.022,USA,North-America,16.49,24431214,3307813,1931,198,184,214,153,172,166,213,221,271,222,211,364,270,347,240,210,220,188,,,312,266,229,276,303,309,356,311,298,324,285,314,329,422,224,224
Philadelphia (Pier 9N),39.933,-75.142,USA,North-America,16.49,24431214,3307791,1901,180,208,228,165,191,193,217,231,273,,217,344,277,316,245,247,226,214,309,294,340,319,260,302,341,346,414,335,304,326,287,313,338,408,228,228
Rauma / Raumo,61.134,21.426,FIN,Europe,8.66,260454,3307526,1933,-229,-198,-252,-173,-77,-86,-233,-182,-256,-239,-194,-405,-261,-206,-241,-216,-279,-301,-312,-236,-257,-304,-159,-222,-348,-397,-253,-246,-372,-400,-213,-353,-238,,229,-9
"Lewisetta, Virginia",37.995,-76.465,USA,North-America,16.49,24431214,3307874,,37,35,65,10,30,26,70,87,113,36,63,130,143,188,138,98,107,86,150,147,199,169,133,159,209,224,234,223,193,213,182,213,230,268,231,231
Pago Pago,-14.28,-170.69,ASM,Oceania,,5370,69543,1949,139,126,39,63,91,102,128,70,135,200,118,175,123,-80,162,,166,151,161,192,149,198,177,169,172,200,316,295,279,293,334,283,356,374,235,235
Grand Isle,29.263,-89.957,USA,North-America,16.49,24431214,3307837,1947,349,342,316,291,305,375,415,386,386,396,414,378,398,443,424,387,396,453,452,444,458,410,464,,,498,481,550,555,517,562,628,586,584,235,235
Cedar Key Ii,29.135,-83.032,USA,North-America,16.49,24431214,3307825,1939,,,,,69,103,137,117,112,118,,,110,,,,62,89,129,111,130,111,106,124,156,150,154,216,,199,219,241,229,238,238,238
Foglo / Degerby,60.032,20.385,ALA,Europe,,,,1924,-245,-243,-285,-208,-114,-125,-274,-220,-295,-268,-223,-435,-287,-236,-269,-247,-298,-321,-333,-262,-287,-325,-182,-241,-364,-403,-280,-264,-389,-417,-240,-365,-251,,245,-6
Santander I,43.461,-3.791,ESP,Europe,5.03,3556459,3307643,1944,,131,199,182,211,142,,,157,,150,209,200,203,,175,217,206,213,197,176,208,186,211,230,258,213,221,248,280,224,243,222,248,248,248
Tago,34.807,138.764,JPN,Asia,9.54,29241996,3307766,1981,-45,-18,67,26,-1,59,28,62,29,54,51,9,24,,102,95,88,101,109,171,93,45,116,123,119,140,154,180,180,119,154,177,172,208,253,253
Turku / Abo,60.428,22.101,FIN,Europe,8.66,260454,3307522,1922,-270,-285,-334,-255,-158,-162,-310,-253,-336,-315,-269,-480,-324,-274,-311,-286,-340,-366,-379,-300,-320,-365,-217,-275,-406,-449,-312,-300,-420,-455,-266,-400,-285,,270,-15
Yaizu,34.871,138.327,JPN,Asia,9.54,29241996,3307767,1981,-42,-5,86,50,36,91,60,101,75,95,92,61,81,,163,149,157,168,183,248,148,78,144,133,129,170,166,187,192,136,175,201,192,232,274,274
Port Isabel,26.06,-97.215,USA,North-America,16.49,24431214,3307831,1945,,126,94,88,88,131,167,165,155,164,202,166,198,227,213,196,190,243,230,225,249,179,255,262,252,252,213,230,259,236,283,344,314,290,290,290
Helsinki,60.154,24.956,FIN,Europe,8.66,260454,3307515,1879,-291,-265,-312,-227,-124,-128,-277,-206,-297,-278,-207,-451,-280,-237,-273,-243,-294,-322,-330,-246,-264,-314,-158,-212,-345,-398,-249,-234,-357,-400,-192,-322,-206,,291,85
Murotomisaki,33.266,134.164,JPN,Asia,9.54,29241996,3307764,1976,-39,23,24,12,108,28,64,106,54,139,116,99,125,163,184,106,133,211,229,245,129,230,200,208,205,254,264,293,235,283,270,327,297,265,304,304
Shimizu-Minato,35.012,138.518,JPN,Asia,9.54,29241996,3307712,1958,112,139,232,178,171,226,203,224,199,222,227,186,212,259,300,289,282,295,307,375,291,239,308,311,318,352,365,395,386,330,368,382,386,430,318,318
Kaminato Ii (Hatizyo Sima),33.13,139.805,JPN,Asia,9.54,29241996,3307768,1981,-260,-87,28,-231,82,-74,-316,56,29,259,42,78,12,-33,80,-230,-283,335,215,236,-62,60,-162,-265,-358,169,147,60,-211,14,-276,-125,-172,68,328,328
Stockholm,59.324,18.082,SWE,Europe,4.48,678429,3307542,1889,-349,-326,-368,-302,-216,-213,-367,-317,-390,-367,-316,-517,-378,-320,-366,-337,-385,-412,-416,-342,-371,-409,-268,-320,-437,-470,-366,-331,-466,-489,-326,-438,-326,,349,23
Omaezaki Ii,34.608,138.222,JPN,Asia,9.54,29241996,3307750,1971,65,94,182,148,145,207,177,209,185,207,207,178,203,256,292,272,269,280,299,359,273,234,300,311,315,338,353,386,389,335,374,404,396,437,372,372
Atlantic City,39.355,-74.418,USA,North-America,16.49,24431214,3307796,1912,,,355,297,295,292,,382,409,,322,416,402,437,,366,,,383,389,445,421,386,412,457,,479,468,419,444,418,458,468,482,482,482
Mantyluoto,61.594,21.463,FIN,Europe,8.66,260454,3307519,1911,-505,-482,-531,,,-369,-510,-455,-540,-523,-476,-693,-549,-491,-528,-500,-569,-588,-608,-531,-547,-596,-451,-512,-642,-695,-547,-538,-670,-698,-509,-650,-545,,505,-40
Pietarsaari / Jakobstad,63.709,22.69,FIN,Europe,8.66,260454,3307520,1915,-510,-466,-524,-447,-335,-368,,-460,,-516,-474,-697,-563,-504,-532,-498,-585,-606,-610,-528,-542,-606,-466,-542,-663,-737,-559,-565,-694,-716,-520,-686,-570,,510,-60
Kaskinen / Kasko,62.344,21.215,FIN,Europe,8.66,260454,3307524,1927,-510,-458,-546,,-341,-356,-507,-453,-528,-514,-465,-685,-550,-484,-520,-492,-568,-592,-607,-523,-543,-597,-454,-520,-645,-704,-549,-545,-677,-699,-513,-662,-547,,510,-37
Raahe / Brahestad,64.666,24.407,FIN,Europe,8.66,260454,3307523,1923,-544,,-586,-503,-379,-417,-564,-505,-577,-567,-521,-748,-626,-568,-591,-545,-648,-672,-667,-587,-597,-671,-530,-608,-718,-801,-621,-628,-752,-766,-565,-743,-625,,544,-81
Kemi,65.673,24.515,FIN,Europe,8.66,260454,3307521,1920,-561,-510,-573,,,-407,-548,-494,-564,-551,-507,-730,-603,-544,-565,-523,-623,-654,-643,-558,-554,-640,-488,-580,-689,-774,-578,-599,-728,-737,-534,-718,-602,,561,-41
Oulu / Uleaborg,65.04,25.418,FIN,Europe,8.66,260454,3307518,1889,-562,-515,-576,-491,-364,-398,,-468,-566,-556,-504,-736,-603,-549,-569,-534,-626,-651,-640,-555,-557,-638,-488,-572,-684,-766,-583,-602,-724,-737,-530,-714,-599,,562,-37
Furuogrund,64.916,21.231,SWE,Europe,4.48,678429,3307545,1916,-621,-583,-632,-573,-441,-464,-631,-590,-637,-647,,-823,-688,-624,-656,,-701,-706,-737,-635,-652,-718,-582,-662,-778,-846,-664,-674,-810,-824,-631,-801,-684,,621,-63
Ratan,63.986,20.895,SWE,Europe,4.48,678429,3307543,1892,-720,-678,-736,-661,-531,-562,-735,-671,-739,-749,-720,-940,-789,-720,-759,-719,-818,-846,-852,-766,-787,-844,-706,-778,-897,-969,-800,-803,-940,-957,-768,-929,-812,,720,-92
Vaasa / Vasa,63.082,21.571,FIN,Europe,8.66,260454,3307516,1884,-787,-754,-815,-736,-633,-657,-803,-746,-817,-810,-770,,-849,-795,,,-873,-893,-902,-821,-839,-898,-757,-828,-947,-1013,-852,-856,-986,-1009,-814,-972,-858,,787,-71
Argentine Islands,-65.246,-64.257,ATA,Antarctica,,,,1960,73,84,81,,102,129,74,52,86,87,96,144,70,116,123,91,122,47,89,67,103,101,63,63,61,79,91,130,92,87,,,,,,14